State,Department,Website,District,Block
Karnataka,"Additional Director General of Police, Communication, Logistics and Modernisation Bengaluru",RTI_Online_Karnataka,State Level / Not Applicable,NA
Karnataka,Administrative Training Institute(Mysuru),RTI_Online_Karnataka,Mysuru,NA
Karnataka,"Arasikere Planning Authority, Arasikere",RTI_Online_Karnataka,Arasikere,NA
Karnataka,"Arbitration and Conciliation Centre-Bangalore, HCK",RTI_Online_Karnataka,NA,NA
Karnataka,BMCRI Super Speciality Hospital (PMSSY),RTI_Online_Karnataka,PMSSY,Not Applicable
Karnataka,Badami Town Planning Authority,RTI_Online_Karnataka,NA,NA
Karnataka,"Bagalkot - College of Teachers Education, Jamakandi",RTI_Online_Karnataka,Bagalkot,Not Applicable
Karnataka,Bagalkot - Department of Physicaly disabled and Senior Citizens,RTI_Online_Karnataka,Bagalkot,Not Applicable
Karnataka,Bagalkot - District Consumer Disputes Redressal Commission,RTI_Online_Karnataka,Bagalkot,Not Applicable
Karnataka,Bagalkot - District Training Institute,RTI_Online_Karnataka,Bagalkot,Not Applicable
Karnataka,"Bagalkot - General Manager, Rehabiliation and Resettlement, Land Acquisition,U.K.P Navanagar",RTI_Online_Karnataka,Bagalkot,Not Applicable
Karnataka,Bagalkot - Karnataka Maharshi Valmiki Scheduled Tribes Development Corporation Ltd,RTI_Online_Karnataka,Bagalkot,Not Applicable
Karnataka,Bagalkot - Karnataka Urban Water Supply and Sewage Board,RTI_Online_Karnataka,Bagalkot,Not Applicable
Karnataka,"Bagalkot - Office of The Assistant Director, Department of Agricultural Marketing",RTI_Online_Karnataka,Bagalkot,Not Applicable
Karnataka,"Bagalkot - Office of The Deputy Director, Department of Public Instruction",RTI_Online_Karnataka,Bagalkot,Not Applicable
Karnataka,"Bagalkot - Office of The Deputy Director, Department of Social Welfare",RTI_Online_Karnataka,Bagalkot,Not Applicable
Karnataka,"Bagalkot - Office of The Deputy Director, Fisheries Department",RTI_Online_Karnataka,Bagalkot,Not Applicable
Karnataka,"Bagalkot - Office of The Deputy Director,Department of Mines and Geology",RTI_Online_Karnataka,Bagalkot,
Karnataka,Bagalkot - Office of The District Health and Family Welfare Officer,RTI_Online_Karnataka,Bagalkot,Not Applicable
Karnataka,"Bagalkot - Office of The District Officer, Department of Backward Classes Welfare",RTI_Online_Karnataka,Bagalkot,Not Applicable
Karnataka,"Bagalkot - Office of The District Skill Development Officer, Skill Development Department",RTI_Online_Karnataka,Bagalkot,Not Applicable
Karnataka,"Bagalkot - Office of the Assiatant Director, Department of Kannada and Culture",RTI_Online_Karnataka,Bagalkot,Not Applicable
Karnataka,"Bagalkot - Office of the Assistant Director, Department of Information and Public Relations",RTI_Online_Karnataka,Bagalkot,Not Applicable
Karnataka,"Bagalkot - Office of the Deputy Director, Department of Animal Husbandry and Veterinary Services",RTI_Online_Karnataka,Bagalkot,Not Applicable
Karnataka,"Bagalkot - Office of the Deputy Director, Department of Handlooms and Textiles",RTI_Online_Karnataka,Bagalkot,Not Applicable
Karnataka,"Bagalkot - Office of the Deputy Director, Department of Horticulture",RTI_Online_Karnataka,Bagalkot,Not Applicable
Karnataka,"Bagalkot - Office of the Deputy Director, Department of Pre University Education",RTI_Online_Karnataka,Bagalkot,Not Applicable
Karnataka,"Bagalkot - Office of the Deputy Director, Department of Sericulture",RTI_Online_Karnataka,Bagalkot,Not Applicable
Karnataka,"Bagalkot - Office of the Deputy Director, Department of Women and Child Development",RTI_Online_Karnataka,Bagalkot,Not Applicable
Karnataka,"Bagalkot - Office of the Deputy Director, District Treasury",RTI_Online_Karnataka,Bagalkot,Not Applicable
Karnataka,"Bagalkot - Office of the District officer, Minority Welfare Department",RTI_Online_Karnataka,Bagalkot,Not Applicable
Karnataka,"Bagalkot - Regional Office, Karnataka State Pollution Control Board",RTI_Online_Karnataka,Bagalkot,Not Applicable
Karnataka,Bagalkot - Urban Development Authority,RTI_Online_Karnataka,Bagalkot,Not Applicable
Karnataka,Bagalkot University,RTI_Online_Karnataka,NA,Not Applicable
Karnataka,"Bagalkot- Office of The Chief Engineer (Electricity),Transmission zone ,KPTCL",RTI_Online_Karnataka,Bagalkot,Not Applicable
Karnataka,"Bagalkot- Office of The Deputy Commissioner, Department of Excise",RTI_Online_Karnataka,Bagalkot,Not Applicable
Karnataka,"Bagalkot- Office of The Joint Director, District Industrial Centre, Dept of Industries and Commerce",RTI_Online_Karnataka,Bagalkot,Not Applicable
Karnataka,Bagalkot- Office of The Superintendent of Police,RTI_Online_Karnataka,Bagalkot,Not Applicable
Karnataka,"Bagalkot- Office of the Joint Director, Department of Agriculture",RTI_Online_Karnataka,Bagalkot,Not Applicable
Karnataka,Bagalkot-Badami-Rural Development and Panchayat Raj - RDPR(T.P),RTI_Online_Karnataka,Bagalkot,Badami
Karnataka,Bagalkot-Bagalkot-Rural Development and Panchayat Raj - RDPR(T.P),RTI_Online_Karnataka,Bagalkot,Bagalkot
Karnataka,Bagalkot-Bilgi-Rural Development and Panchayat Raj - RDPR(T.P),RTI_Online_Karnataka,Bagalkot,Bilgi
Karnataka,Bagalkot-Deputy Director of Land Records-DDLR,RTI_Online_Karnataka,Bagalkot,Not Applicable
Karnataka,Bagalkot-District Registrar - DR,RTI_Online_Karnataka,Bagalkot,Not Applicable
Karnataka,Bagalkot-Food and Civil Supplies - FCS,RTI_Online_Karnataka,Bagalkot,Not Applicable
Karnataka,Bagalkot-Guledgudda-Rural Development and Panchayat Raj - RDPR(T.P),RTI_Online_Karnataka,Bagalkot,Guledgudda
Karnataka,Bagalkot-Hunagunda-Rural Development and Panchayat Raj - RDPR(T.P),RTI_Online_Karnataka,Bagalkot,Hunagunda
Karnataka,Bagalkot-Ilkal-Rural Development and Panchayat Raj - RDPR(T.P),RTI_Online_Karnataka,Bagalkot,Ilkal
Karnataka,Bagalkot-Jamkhandi-Rural Development and Panchayat Raj - RDPR(T.P),RTI_Online_Karnataka,Bagalkot,Jamkhandi
Karnataka,Bagalkot-Labour Department,RTI_Online_Karnataka,Bagalkot,Not Applicable
Karnataka,Bagalkot-Mudhol-Rural Development and Panchayat Raj - RDPR(T.P),RTI_Online_Karnataka,Bagalkot,Mudhol
Karnataka,Bagalkot-Public Works Department - PWD,RTI_Online_Karnataka,Bagalkot,Not Applicable
Karnataka,Bagalkot-REVENUE,RTI_Online_Karnataka,Bagalkot,Not Applicable
Karnataka,Bagalkot-Rabkavi Banhatti-Rural Development and Panchayat Raj - RDPR(T.P),RTI_Online_Karnataka,Bagalkot,Rabkavi Banhatti
Karnataka,Bagalkot-Rural Development and Panchayat Raj - RDPR(Z.P),RTI_Online_Karnataka,Bagalkot,NA
Karnataka,Bagalkot-Terdala-Rural Development and Panchayat Raj(T.P),RTI_Online_Karnataka,Bagalkot,
Karnataka,Bagalkot-Urban Development Cell - DUDC,RTI_Online_Karnataka,Bagalkot,Not Applicable
Karnataka,Bagalkote - District Court,RTI_Online_Karnataka,Bagalkote,
Karnataka,Bagalkote-SSLR,RTI_Online_Karnataka,Bagalkote,
Karnataka,Ballari - District Court,RTI_Online_Karnataka,Ballari,
Karnataka,Ballari - District Institute for Education and Training(DIET),RTI_Online_Karnataka,Ballari,Not Applicable
Karnataka,Ballari - District Training Institute,RTI_Online_Karnataka,Ballari,Not Applicable
Karnataka,Ballari - Karnataka Maharshi Valmiki Scheduled Tribes Development Corporation Ltd,RTI_Online_Karnataka,Ballari,Not Applicable
Karnataka,"Ballari - Office of The Deputy Director, Agricultural Marketing Department",RTI_Online_Karnataka,Ballari,Not Applicable
Karnataka,"Ballari - Office of The Deputy Director, Department of Tourism",RTI_Online_Karnataka,Ballari,Not Applicable
Karnataka,"Ballari - Office of The Deputy Director, District Treasury",RTI_Online_Karnataka,Ballari,Not Applicable
Karnataka,Ballari - Office of The District Health and Family Welfare Officer,RTI_Online_Karnataka,Ballari,
Karnataka,"Ballari - Office of The District Skill Development Officer, Skill Development Department",RTI_Online_Karnataka,Ballari,Not Applicable
Karnataka,"Ballari - Office of The District officer, Minority Welfare Department",RTI_Online_Karnataka,Ballari,Not Applicable
Karnataka,"Ballari - Office of The Executive Engineer, Dept of Minor Irrigation and Ground Water Development",RTI_Online_Karnataka,Ballari,Not Applicable
Karnataka,"Ballari - Office of The Joint Director, District Industrial Centre, Dept of Ind & Comm",RTI_Online_Karnataka,Ballari,Not Applicable
Karnataka,Ballari -Sub Regional Science Center,RTI_Online_Karnataka,Ballari,Not Applicable
Karnataka,"Ballari Medical College and Research Centre,Ballari",RTI_Online_Karnataka,ballari,NA
Karnataka,Ballari Urban Development Authority (BUDA),RTI_Online_Karnataka,BUDA,Not Applicable
Karnataka,Ballari- District Hospital,RTI_Online_Karnataka,Ballari,Not Applicable
Karnataka,"Ballari- Office of The Deputy Commissioner of Excise, Department of Excise",RTI_Online_Karnataka,Ballari,Not Applicable
Karnataka,"Ballari- Office of The Deputy Director, Department of Animal Husbandry and Veterinary Services",RTI_Online_Karnataka,Ballari,Not Applicable
Karnataka,"Ballari- Office of The Deputy Director, Department of Handlooms and Textiles",RTI_Online_Karnataka,Ballari,Not Applicable
Karnataka,"Ballari- Office of The Deputy Director, Department of Pre University Education",RTI_Online_Karnataka,Ballari,Not Applicable
Karnataka,"Ballari- Office of The Deputy Director, Department of Public Instruction",RTI_Online_Karnataka,Ballari,Not Applicable
Karnataka,"Ballari- Office of The Deputy Director, Department of Social Welfare",RTI_Online_Karnataka,Ballari,Not Applicable
Karnataka,"Ballari- Office of The Deputy Director, Department of Women and Child Development",RTI_Online_Karnataka,Ballari,Not Applicable
Karnataka,"Ballari- Office of The Joint Director, Department of Agriculture",RTI_Online_Karnataka,Ballari,Not Applicable
Karnataka,"Ballari- Office of The Registrar of Co-operative Societies, Department of Co-operation",RTI_Online_Karnataka,Ballari,Not Applicable
Karnataka,"Ballari- Office of The Senior Assistant Director, Department of Fisheries",RTI_Online_Karnataka,Ballari,Not Applicable
Karnataka,"Ballari- Office of The Senior Geologist, Department of Mines and Geology",RTI_Online_Karnataka,Ballari,Not Applicable
Karnataka,Ballari- Office of The Superintendent of Police,RTI_Online_Karnataka,Ballari,Not Applicable
Karnataka,"Ballari- Regional Office, Karnataka State Pollution Control Board",RTI_Online_Karnataka,Ballari,Not Applicable
Karnataka,Ballari-Ballari-Rural Development and Panchayat Raj - RDPR(T.P),RTI_Online_Karnataka,Ballari,Ballari
Karnataka,Ballari-City Corporation,RTI_Online_Karnataka,Ballari,Not Applicable
Karnataka,Ballari-Deputy Director of Land Records-DDLR,RTI_Online_Karnataka,Ballari,Not Applicable
Karnataka,Ballari-District Consumer disputes Redressal commission,RTI_Online_Karnataka,Ballari,Not Applicable
Karnataka,Ballari-District Registrar - DR,RTI_Online_Karnataka,Ballari,Not Applicable
Karnataka,Ballari-Food and Civil Supplies - FCS,RTI_Online_Karnataka,Ballari,Not Applicable
Karnataka,Ballari-Hagaribommanahalli-Rural Development and Panchayat Raj - RDPR(T.P),RTI_Online_Karnataka,Ballari,Hagaribommanahalli
Karnataka,Ballari-Harappanahalli-Rural Development and Panchayat Raj - RDPR(T.P),RTI_Online_Karnataka,Ballari,Harappanahalli
Karnataka,Ballari-Hoovina Hadagali-Rural Development and Panchayat Raj - RDPR(T.P),RTI_Online_Karnataka,Ballari,Hoovina Hadagali
Karnataka,Ballari-Hosapete-Rural Development and Panchayat Raj - RDPR(T.P),RTI_Online_Karnataka,Ballari,Hosapete
Karnataka,Ballari-Kudligi-Rural Development and Panchayat Raj - RDPR(T.P),RTI_Online_Karnataka,Ballari,Kudligi
Karnataka,Ballari-LABOUR,RTI_Online_Karnataka,Ballari,Not Applicable
Karnataka,"Ballari-Office of The District Officer, Backward Class Welfare Department",RTI_Online_Karnataka,Ballari,Not Applicable
Karnataka,Ballari-Public Works Department - PWD,RTI_Online_Karnataka,Ballari,Not Applicable
Karnataka,Ballari-REVENUE,RTI_Online_Karnataka,Ballari,Not Applicable
Karnataka,Ballari-Rural Development and Panchayat Raj - RDPR(Z.P),RTI_Online_Karnataka,Ballari,NA
Karnataka,Ballari-Sanduru-Rural Development and Panchayat Raj - RDPR(T.P),RTI_Online_Karnataka,Ballari,Sanduru
Karnataka,Ballari-Siruguppa-Rural Development and Panchayat Raj - RDPR(T.P),RTI_Online_Karnataka,Ballari,Siruguppa
Karnataka,Ballari-Urban Development Cell - DUDC,RTI_Online_Karnataka,Ballari,Not Applicable
Karnataka,Bangalore Development Authority (BDA),RTI_Online_Karnataka,NA,Not Applicable
Karnataka,Bangalore Electricity Supply Company Ltd (BESCOM),RTI_Online_Karnataka,NA,Not Applicable
Karnataka,"Bangalore Mediation Centre, HCK",RTI_Online_Karnataka,NA,Not Applicable
Karnataka,Bangalore Medical College and Research Institute,RTI_Online_Karnataka,NA,Not Applicable
Karnataka,Bangalore Metro Rail Corporation Ltd. (BMRCL),RTI_Online_Karnataka,NA,Not Applicable
Karnataka,Bangalore Metropolitan Transport Corporation (BMTC),RTI_Online_Karnataka,NA,Not Applicable
Karnataka,Bangalore Water Supply And Sewerage Board (Kaveri Operation And Maintenance),RTI_Online_Karnataka,NA,Not Applicable
Karnataka,Bangalore Water Supply And Sewerage Board (North),RTI_Online_Karnataka,North,Not Applicable
Karnataka,Bangalore Water Supply And Sewerage Board (South),RTI_Online_Karnataka,South,Not Applicable
Karnataka,Bangalore Water Supply And Sewerage Board(WWM) - West,RTI_Online_Karnataka,Bangalore West,Not Applicable
Karnataka,Bangalore water supply and sewage board(Administration),RTI_Online_Karnataka,NA,Not Applicable
Karnataka,Bangalore water supply and sewage board(Design),RTI_Online_Karnataka,NA,Not Applicable
Karnataka,Bangalore water supply and sewage board(East),RTI_Online_Karnataka,Banglore east,Not Applicable
Karnataka,Bangalore water supply and sewage board(Finance),RTI_Online_Karnataka,NA,Not Applicable
Karnataka,Bangalore water supply and sewage board(Kaveri Project),RTI_Online_Karnataka,NA,Not Applicable
Karnataka,Bangalore water supply and sewage board(WWM) - East,RTI_Online_Karnataka,Banglore east,Not Applicable
Karnataka,Bangalore water supply and sewage board(WWM-110V),RTI_Online_Karnataka,NA,Not Applicable
Karnataka,Bangalore water supply and sewage board(West),RTI_Online_Karnataka,NA,Not Applicable
Karnataka,Bangalore-Department of Electrical Inspectorate(Head office),RTI_Online_Karnataka,Bangalore,Not Applicable
Karnataka,Bangalore-Department of Electrical Inspectorate(North),RTI_Online_Karnataka,Bangalore,Not Applicable
Karnataka,Bangalore-Department of Electrical Inspectorate(South),RTI_Online_Karnataka,Bangalore,Not Applicable
Karnataka,Bantwal Planning Authority,RTI_Online_Karnataka,bantal,Not Applicable
Karnataka,Belagavi - District Court,RTI_Online_Karnataka,Belagavi,
Karnataka,Belagavi - District Scheduled Tribes Welfare Department,RTI_Online_Karnataka,Belagavi,Not Applicable
Karnataka,Belagavi - District Training Institute,RTI_Online_Karnataka,Belagavi,Not Applicable
Karnataka,Belagavi - Government College of Teachers Education,RTI_Online_Karnataka,Belagavi,Not Applicable
Karnataka,Belagavi - Karnataka Maharshi Valmiki Scheduled Tribes Development Corporation Ltd,RTI_Online_Karnataka,Belagavi,Not Applicable
Karnataka,"Belagavi - Office of The Deputy Director, Department of Agricultural Marketing",RTI_Online_Karnataka,Belagavi,Not Applicable
Karnataka,Belagavi - Office of The District Health and Family Welfare Officer,RTI_Online_Karnataka,Belagavi,Not Applicable
Karnataka,"Belagavi - Office of The District Skill Development Officer, Skill Development Department",RTI_Online_Karnataka,Belagavi,Not Applicable
Karnataka,"Belagavi - Office of The District officer, Minority Welfare Department",RTI_Online_Karnataka,Belagavi,Not Applicable
Karnataka,"Belagavi - Office of the Deputy Director (Administration), Department of School Education",RTI_Online_Karnataka,Belagavi,Not Applicable
Karnataka,"Belagavi - Office of the Deputy Director, Department of School Education(Pre University)",RTI_Online_Karnataka,Belagavi,Not Applicable
Karnataka,"Belagavi - Office of the Deputy Director, Department of School Education(Pre University) Chikkodi",RTI_Online_Karnataka,Belagavi,Not Applicable
Karnataka,"Belagavi - Office of the Deputy Director, Department of School Education, Chikkodi",RTI_Online_Karnataka,Belagavi,Not Applicable
Karnataka,"Belagavi - Office of the Joint Director, District Treasury",RTI_Online_Karnataka,Belagavi,Not Applicable
Karnataka,Belagavi - Urban Development Authority,RTI_Online_Karnataka,Belagavi,Not Applicable
Karnataka,"Belagavi -Joint Director office, Commerce and Industries Department",RTI_Online_Karnataka,Belagavi,Not Applicable
Karnataka,"Belagavi Institute of Medical sciences, Belagavi",RTI_Online_Karnataka,State Level / Not Applicable,Not Applicable
Karnataka,Belagavi- Karnataka Slum Development Board,RTI_Online_Karnataka,Belagavi,Not Applicable
Karnataka,"Belagavi- Office of The Additional Director, Department of Social Welfare",RTI_Online_Karnataka,Belagavi,Not Applicable
Karnataka,"Belagavi- Office of The Deputy Director, Department of Women and Child Development",RTI_Online_Karnataka,Belagavi,Not Applicable
Karnataka,"Belagavi- Office of The Joint Director, Department of Agriculture",RTI_Online_Karnataka,Belagavi,Not Applicable
Karnataka,Belagavi- Office of The Superintendent of Police,RTI_Online_Karnataka,Belagavi,Not Applicable
Karnataka,"Belagavi- Office of the Superintendent Engineer, Department of Minor Irrigation and Groundwater Dev",RTI_Online_Karnataka,Belagavi,Not Applicable
Karnataka,Belagavi- Office of the commissioner of police,RTI_Online_Karnataka,Belagavi,Not Applicable
Karnataka,Belagavi-Athni-Rural Development and Panchayat Raj - RDPR(T.P),RTI_Online_Karnataka,Belagavi,Athni
Karnataka,Belagavi-Bailahongal-Rural Development and Panchayat Raj - RDPR(T.P),RTI_Online_Karnataka,Belagavi,Bailahongal
Karnataka,Belagavi-Belagavi-Rural Development and Panchayat Raj - RDPR(T.P),RTI_Online_Karnataka,Belagavi,Belagavi
Karnataka,Belagavi-Chikkodi-Rural Development and Panchayat Raj - RDPR(T.P),RTI_Online_Karnataka,Belagavi,Chikkodi
Karnataka,Belagavi-City Corporation,RTI_Online_Karnataka,Belagavi,Not Applicable
Karnataka,Belagavi-Deputy Director of Land Records-DDLR,RTI_Online_Karnataka,Belagavi,Not Applicable
Karnataka,Belagavi-District Consumer Disputes and Redressal Commission,RTI_Online_Karnataka,Belagavi,Not Applicable
Karnataka,Belagavi-District Registrar - DR,RTI_Online_Karnataka,Belagavi,Not Applicable
Karnataka,Belagavi-Food and Civil Supplies - FCS,RTI_Online_Karnataka,Belagavi,Not Applicable
Karnataka,Belagavi-Gokak-Rural Development and Panchayat Raj - RDPR(T.P),RTI_Online_Karnataka,Belagavi,Gokak
Karnataka,Belagavi-Hukkeri-Rural Development and Panchayat Raj - RDPR(T.P),RTI_Online_Karnataka,Belagavi,Hukkeri
Karnataka,Belagavi-Kagawad-Rural Development and Panchayat Raj - RDPR(T.P),RTI_Online_Karnataka,Belagavi,Kagawad
Karnataka,Belagavi-Khanapur-Rural Development and Panchayat Raj - RDPR(T.P),RTI_Online_Karnataka,Belagavi,Khanapur
Karnataka,Belagavi-Kittur-Rural Development and Panchayat Raj - RDPR(T.P),RTI_Online_Karnataka,Belagavi,Kittur
Karnataka,Belagavi-LABOUR,RTI_Online_Karnataka,Belagavi,Not Applicable
Karnataka,Belagavi-Mudalagi-Rural Development and Panchayat Raj - RDPR(T.P),RTI_Online_Karnataka,Belagavi,Mudalagi
Karnataka,Belagavi-Nippani-Rural Development and Panchayat Raj - RDPR(T.P),RTI_Online_Karnataka,Belagavi,Nippani
Karnataka,"Belagavi-Office of The Deputy Director, Department of Horticulture",RTI_Online_Karnataka,Belagavi,Not Applicable
Karnataka,"Belagavi-Office of The Deputy Director, Department of Sericulture",RTI_Online_Karnataka,Belagavi,Not Applicable
Karnataka,"Belagavi-Office of the Deputy Director, Regional forensic science laboratory",RTI_Online_Karnataka,Belagavi,
Karnataka,"Belagavi-Office of the District officer, Backward Classes welfare department",RTI_Online_Karnataka,Belagavi,Not Applicable
Karnataka,Belagavi-Office of the Joint Registrar of Cooperative Societies,RTI_Online_Karnataka,Belagavi,Not Applicable
Karnataka,Belagavi-Public Works Department - PWD,RTI_Online_Karnataka,Belagavi,Not Applicable
Karnataka,Belagavi-REVENUE,RTI_Online_Karnataka,Belagavi,Not Applicable
Karnataka,Belagavi-Ramdurga-Rural Development and Panchayat Raj - RDPR(T.P),RTI_Online_Karnataka,Belagavi,Ramdurga
Karnataka,Belagavi-Raybag-Rural Development and Panchayat Raj - RDPR(T.P),RTI_Online_Karnataka,Belagavi,Raybag
Karnataka,Belagavi-Rural Development and Panchayat Raj - RDPR(Z.P),RTI_Online_Karnataka,Belagavi,NA
Karnataka,Belagavi-Saundatti-Rural Development and Panchayat Raj - RDPR(T.P),RTI_Online_Karnataka,Belagavi,Saundatti
Karnataka,Belagavi-Urban Development Cell - DUDC,RTI_Online_Karnataka,Belagavi,Not Applicable
Karnataka,"Bengaluru - City Civil & Session Court, City Civil Court Complex",RTI_Online_Karnataka,Bengaluru,
Karnataka,Bengaluru - Court of Small Causes,RTI_Online_Karnataka,Bengaluru,
Karnataka,"Bengaluru - Joint Director of Town and Country Planning, Divisional Office",RTI_Online_Karnataka,Bengaluru,Not Applicable
Karnataka,Bengaluru Metropolitan Region Development Authority(BMRDA),RTI_Online_Karnataka,BMRDA,Not Applicable
Karnataka,Bengaluru North - District Institute for Education and Training (DIET),RTI_Online_Karnataka,Bengaluru North,Not Applicable
Karnataka,"Bengaluru North - Office of the Deputy Director, Department of School Education(Pre University)",RTI_Online_Karnataka,Bengaluru North,Not Applicable
Karnataka,Bengaluru Rural - District Court,RTI_Online_Karnataka,Bengaluru Rural,
Karnataka,Bengaluru Rural - District Institute for Education and Training (DIET),RTI_Online_Karnataka,Bengaluru Rural,Not Applicable
Karnataka,Bengaluru Rural - District Training Institute,RTI_Online_Karnataka,Bengaluru Rural,Not Applicable
Karnataka,"Bengaluru Rural - Office of The Deputy Director, Fisheries Department",RTI_Online_Karnataka,Bengaluru Rural,Not Applicable
Karnataka,"Bengaluru Rural - Office of the Deputy Director, Department of School Education(Pre University)",RTI_Online_Karnataka,Bengaluru Rural,Not Applicable
Karnataka,"Bengaluru Rural - Office of the Deputy Director, District Treasury",RTI_Online_Karnataka,Bengaluru Rural,Not Applicable
Karnataka,Bengaluru Rural- Department Of Skill Development,RTI_Online_Karnataka,Bengaluru Rural,Not Applicable
Karnataka,Bengaluru Rural- Karnataka Lokayukta Police,RTI_Online_Karnataka,Bengaluru Rural,Not Applicable
Karnataka,"Bengaluru Rural- Office of The Assistant Director, Department of Youth Empowerment and Sports",RTI_Online_Karnataka,Bengaluru Rural,Not Applicable
Karnataka,"Bengaluru Rural- Office of The Deputy Director, Department of Public Instruction",RTI_Online_Karnataka,Bengaluru Rural,Not Applicable
Karnataka,"Bengaluru Rural- Office of The Deputy Director, Department of Sericulture",RTI_Online_Karnataka,Bengaluru Rural,Not Applicable
Karnataka,"Bengaluru Rural- Office of The Deputy commissioner, Department of Excise",RTI_Online_Karnataka,Bengaluru Rural,Not Applicable
Karnataka,Bengaluru Rural- Office of The District Health and Family Welfare Officer,RTI_Online_Karnataka,Bengaluru Rural,Not Applicable
Karnataka,"Bengaluru Rural- Office of The District Office, Department of Backward Classes Welfare",RTI_Online_Karnataka,Bengaluru Rural,Not Applicable
Karnataka,"Bengaluru Rural- Office of The District Officer, Minority Welfare Department",RTI_Online_Karnataka,Bengaluru Rural,Not Applicable
Karnataka,"Bengaluru Rural- Office of The District Statistical Officer, Department of Statistics",RTI_Online_Karnataka,Bengaluru Rural,Not Applicable
Karnataka,"Bengaluru Rural- Office of The Joint Director, Department of Agriculture",RTI_Online_Karnataka,Bengaluru Rural,Not Applicable
Karnataka,"Bengaluru Rural- Office of The Joint Director, District Industrial Centre, Department of Industries and Commerce",RTI_Online_Karnataka,Bengaluru Rural,Not Applicable
Karnataka,Bengaluru Rural- Office of The Superintendent of Police,RTI_Online_Karnataka,Bengaluru Rural,Not Applicable
Karnataka,Bengaluru Rural-Deputy Director of Land Records-DDLR,RTI_Online_Karnataka,Bengaluru Rural,Not Applicable
Karnataka,Bengaluru Rural-Devanahalli-Rural Development and Panchayat Raj - RDPR(T.P),RTI_Online_Karnataka,Bengaluru Rural,Devanahalli
Karnataka,Bengaluru Rural-District Registrar - DR,RTI_Online_Karnataka,Bengaluru Rural,Not Applicable
Karnataka,Bengaluru Rural-Doddaballapura-Rural Development and Panchayat Raj - RDPR(T.P),RTI_Online_Karnataka,Bengaluru Rural,Doddaballapura
Karnataka,Bengaluru Rural-Food and Civil Supplies - FCS,RTI_Online_Karnataka,Bengaluru Rural,Not Applicable
Karnataka,Bengaluru Rural-Hoskote-Rural Development and Panchayat Raj - RDPR(T.P),RTI_Online_Karnataka,Bengaluru Rural,Hoskote
Karnataka,Bengaluru Rural-LABOUR,RTI_Online_Karnataka,Bengaluru Rural,Not Applicable
Karnataka,Bengaluru Rural-Nelamangala-Rural Development and Panchayat Raj - RDPR(T.P),RTI_Online_Karnataka,Bengaluru Rural,Nelamangala
Karnataka,"Bengaluru Rural-Office of The Assistant Director ,Department of Tourism",RTI_Online_Karnataka,Bengaluru Rural,Not Applicable
Karnataka,"Bengaluru Rural-Office of The Deputy Director, Department of Social Welfare",RTI_Online_Karnataka,Bengaluru Rural,Not Applicable
Karnataka,"Bengaluru Rural-Office of The Deputy Director, Department of Women and Child Development",RTI_Online_Karnataka,Bengaluru Rural,Not Applicable
Karnataka,"Bengaluru Rural-Office of The Deputy Director, Dept of Animal Husbandry and Veterinary Services",RTI_Online_Karnataka,Bengaluru Rural,Not Applicable
Karnataka,Bengaluru Rural-Public Works Department - PWD,RTI_Online_Karnataka,Bengaluru Rural,Not Applicable
Karnataka,Bengaluru Rural-REVENUE,RTI_Online_Karnataka,Bengaluru Rural,Not Applicable
Karnataka,Bengaluru Rural-Rural Development and Panchayat Raj - RDPR(Z.P),RTI_Online_Karnataka,Bengaluru Rural,NA
Karnataka,"Bengaluru Rural-Senior Geologist,District Groundwater Office,Groundwater Directorate",RTI_Online_Karnataka,Bengaluru Rural,
Karnataka,Bengaluru Rural-Urban Development Cell - DUDC,RTI_Online_Karnataka,Bengaluru Rural,Not Applicable
Karnataka,Bengaluru South - Channapatna-Rural Development and Panchayat Raj-RDPR(T.P),RTI_Online_Karnataka,Bengaluru South,Channapatna
Karnataka,Bengaluru South - Department of Physicaly disabled and Senior Citizens,RTI_Online_Karnataka,Bengaluru South,Not Applicable
Karnataka,Bengaluru South - Deputy Director of Land Records-DDLR,RTI_Online_Karnataka,Bengaluru South,Not Applicable
Karnataka,"Bengaluru South - Deputy Director office, Horticulture department",RTI_Online_Karnataka,Bengaluru South,Not Applicable
Karnataka,Bengaluru South - District Institute for Education and Training (DIET),RTI_Online_Karnataka,Bengaluru South,Not Applicable
Karnataka,Bengaluru South - District Registrar - DR,RTI_Online_Karnataka,Bengaluru South,Not Applicable
Karnataka,Bengaluru South - District Training Institute,RTI_Online_Karnataka,Bengaluru South,Not Applicable
Karnataka,Bengaluru South - Food and Civil Supplies - FCS,RTI_Online_Karnataka,Bengaluru South,Not Applicable
Karnataka,Bengaluru South - Karnataka State Khadi And Village Industries Board,RTI_Online_Karnataka,Bengaluru South,Not Applicable
Karnataka,Bengaluru South - LABOUR,RTI_Online_Karnataka,Bengaluru South,Not Applicable
Karnataka,Bengaluru South - Magadi-Rural Development and Panchayat Raj-RDPR(T.P),RTI_Online_Karnataka,Bengaluru South,Magadi
Karnataka,"Bengaluru South - Office of The Assiatant Director, Department of Kannada and Culture",RTI_Online_Karnataka,Bengaluru South,Not Applicable
Karnataka,"Bengaluru South - Office of The Assistant Commissioner, Commercial Taxes Department",RTI_Online_Karnataka,Bengaluru South,Not Applicable
Karnataka,"Bengaluru South - Office of The Assistant Director, Department of Agricultural Marketing",RTI_Online_Karnataka,Bengaluru South,Not Applicable
Karnataka,"Bengaluru South - Office of The Assistant Director, Department of Tourism",RTI_Online_Karnataka,Bengaluru South,Not Applicable
Karnataka,"Bengaluru South - Office of The Chief Librarian, Department of Public Library",RTI_Online_Karnataka,Bengaluru South,Not Applicable
Karnataka,"Bengaluru South - Office of The Deputy Director, Department of Public Instruction",RTI_Online_Karnataka,Bengaluru South,Not Applicable
Karnataka,"Bengaluru South - Office of The Deputy Director, Department of Social Welfare",RTI_Online_Karnataka,Bengaluru South,Not Applicable
Karnataka,"Bengaluru South - Office of The Deputy Director, Department of Women and Child Development",RTI_Online_Karnataka,Bengaluru South,Not Applicable
Karnataka,"Bengaluru South - Office of The Deputy Director, District Treasury",RTI_Online_Karnataka,Bengaluru South,Not Applicable
Karnataka,"Bengaluru South - Office of The Deputy Director, Fisheries Department",RTI_Online_Karnataka,Bengaluru South,Not Applicable
Karnataka,Bengaluru South - Office of The District Health and Family Welfare Officer,RTI_Online_Karnataka,Bengaluru South,Not Applicable
Karnataka,"Bengaluru South - Office of The District Skill Development Officer, Skill Development Department",RTI_Online_Karnataka,Bengaluru South,Not Applicable
Karnataka,"Bengaluru South - Office of The Executive Engineer, Cauvery Neeravari Nigama Limited",RTI_Online_Karnataka,Bengaluru South,Not Applicable
Karnataka,"Bengaluru South - Office of The Joint Director, Agriculture Department",RTI_Online_Karnataka,Bengaluru South,Not Applicable
Karnataka,Bengaluru South - Office of The Superintendent of Police,RTI_Online_Karnataka,Bengaluru South,Not Applicable
Karnataka,"Bengaluru South - Office of the Deputy Commissioner, Department of Excise",RTI_Online_Karnataka,Bengaluru South,Not Applicable
Karnataka,"Bengaluru South - Office of the Deputy Director (Administration), Department of School Education",RTI_Online_Karnataka,Bengaluru South,Not Applicable
Karnataka,"Bengaluru South - Office of the Deputy Director, Department of Pre- University education",RTI_Online_Karnataka,Bengaluru South,Not Applicable
Karnataka,"Bengaluru South - Office of the Deputy Director, Department of Sericulture",RTI_Online_Karnataka,Bengaluru South,Not Applicable
Karnataka,"Bengaluru South - Office of the Deputy Director,Department of Animal Husbandry and Veterinary Services",RTI_Online_Karnataka,Bengaluru South,Not Applicable
Karnataka,"Bengaluru South - Office of the District Officer, Backward Class Welfare Department",RTI_Online_Karnataka,Bengaluru South,Not Applicable
Karnataka,Bengaluru South - Office of the District Statistical Officer,RTI_Online_Karnataka,Bengaluru South,Not Applicable
Karnataka,"Bengaluru South - Office of the Regional Transport Officer, Department of Transport",RTI_Online_Karnataka,Bengaluru South,
Karnataka,"Bengaluru South - Office of the Senior Assistant Director, Department of Information and Public Relations",RTI_Online_Karnataka,Bengaluru South,Not Applicable
Karnataka,Bengaluru South - REVENUE,RTI_Online_Karnataka,Bengaluru South,Not Applicable
Karnataka,"Bengaluru South - Regional office, Karnataka State Pollution Contol Board",RTI_Online_Karnataka,Bengaluru South,Not Applicable
Karnataka,"Bengaluru South - Senior Geologist, District Ground water Office, Ground water Directorate",RTI_Online_Karnataka,Bengaluru South,
Karnataka,Bengaluru South -Public Works Department - PWD,RTI_Online_Karnataka,Bengaluru South,Not Applicable
Karnataka,Bengaluru South -Ramanagara-Rural Development and Panchayat Raj-RDPR(T.P),RTI_Online_Karnataka,Bengaluru South,Ramanagara
Karnataka,Bengaluru South -Rural Development and Panchayat Raj-RDPR(Z.P),RTI_Online_Karnataka,Bengaluru South,NA
Karnataka,"Bengaluru South- Office of The Assistant Controller, Department of Legal Metrology",RTI_Online_Karnataka,Bengaluru South,Not Applicable
Karnataka,"Bengaluru South- Office of the Assistant Director, Department of Youth Empowermnet and Sports",RTI_Online_Karnataka,Bengaluru South,Not Applicable
Karnataka,"Bengaluru South- Office of the Deputy Director, Department of Mines and Geology",RTI_Online_Karnataka,Bengaluru South,Not Applicable
Karnataka,"Bengaluru South- Office of the Joint Director, District Industrial Centre, Department of Industries and Commerce",RTI_Online_Karnataka,Bengaluru South,Not Applicable
Karnataka,Bengaluru South-Kanakapura-Rural Development and Panchayat Raj-RDPR(T.P),RTI_Online_Karnataka,Bengaluru South,Kanakapura
Karnataka,Bengaluru South-Urban Development Cell - DUDC,RTI_Online_Karnataka,Bengaluru South,Not Applicable
Karnataka,"Bengaluru Urban & Rural-Office of the Deputy director, Department Of Agricultural Marketing",RTI_Online_Karnataka,Bengaluru Urban & Rural,Not Applicable
Karnataka,"Bengaluru Urban (North)- Office of the Deputy Director, Department of Public Instruction",RTI_Online_Karnataka,Bengaluru Urban (North),Not Applicable
Karnataka,"Bengaluru Urban - District Institute of Education and Training South,(DIET)",RTI_Online_Karnataka,Bengaluru Urban,Not Applicable
Karnataka,Bengaluru Urban - District Training Institute,RTI_Online_Karnataka,Bengaluru Urban,Not Applicable
Karnataka,"Bengaluru Urban - Joint Director office, Commerce and Industries Department",RTI_Online_Karnataka,Bengaluru Urban,Not Applicable
Karnataka,Bengaluru Urban - Office of The District Health and Family Welfare Officer,RTI_Online_Karnataka,Bengaluru Urban,
Karnataka,"Bengaluru Urban - Office of The District Skill Development Officer, Skill Development Department",RTI_Online_Karnataka,Bengaluru Urban,Not Applicable
Karnataka,"Bengaluru Urban - Office of the Joint Director of Agriculture,Department of Agriculture",RTI_Online_Karnataka,Bengaluru Urban,
Karnataka,Bengaluru Urban- Karnataka Lokayukta Police,RTI_Online_Karnataka,Bengaluru Urban,Not Applicable
Karnataka,"Bengaluru Urban- Office of the Deputy Director, Animal Husbandary and Veterinary Services Dept",RTI_Online_Karnataka,Bengaluru Urban,Not Applicable
Karnataka,"Bengaluru Urban- Office of the Deputy Director, Department of Women and Child Development",RTI_Online_Karnataka,Bengaluru Urban,Not Applicable
Karnataka,"Bengaluru Urban- Office of the Joint Director, Department of Social Welfare",RTI_Online_Karnataka,Bengaluru Urban,Not Applicable
Karnataka,Bengaluru Urban- Police commissioner office,RTI_Online_Karnataka,Bengaluru Urban,Not Applicable
Karnataka,Bengaluru Urban-Anekal-Rural Development and Panchayat Raj - RDPR(T.P),RTI_Online_Karnataka,Bengaluru Urban,Anekal
Karnataka,Bengaluru Urban-Balavikasa Academy,RTI_Online_Karnataka,Bengaluru Urban,Not Applicable
Karnataka,Bengaluru Urban-Bengaluru East-Rural Development and Panchayat Raj - RDPR(T.P),RTI_Online_Karnataka,Bengaluru Urban,Bengaluru East
Karnataka,Bengaluru Urban-BengaluruNorth-Rural Development and Panchayat Raj - RDPR(T.P),RTI_Online_Karnataka,Bengaluru Urban,BengaluruNorth
Karnataka,Bengaluru Urban-BengaluruSouth-Rural Development and Panchayat Raj - RDPR(T.P),RTI_Online_Karnataka,Bengaluru Urban,BengaluruSouth
Karnataka,Bengaluru Urban-Deputy Director of Land Records - DDLR,RTI_Online_Karnataka,Bengaluru Urban,Not Applicable
Karnataka,Bengaluru Urban-District Registrar - DR,RTI_Online_Karnataka,Bengaluru Urban,Not Applicable
Karnataka,Bengaluru Urban-Food and Civil Supplies - FCS,RTI_Online_Karnataka,Bengaluru Urban,Not Applicable
Karnataka,Bengaluru Urban-Karnataka state tourism development corporation Limited,RTI_Online_Karnataka,Bengaluru Urban,
Karnataka,Bengaluru Urban-LABOUR,RTI_Online_Karnataka,Bengaluru Urban,Not Applicable
Karnataka,"Bengaluru Urban-Office of the Deputy Director, Department of Backward Classes Welfare Department",RTI_Online_Karnataka,Bengaluru Urban,Not Applicable
Karnataka,"Bengaluru Urban-Office of the Deputy Director,Stamp Depot,Treasury Department",RTI_Online_Karnataka,Bengaluru Urban,Not Applicable
Karnataka,Bengaluru Urban-Office of the Joint Registrar of Cooperative Societies,RTI_Online_Karnataka,Bengaluru Urban,Not Applicable
Karnataka,Bengaluru Urban-Public Works Department - PWD,RTI_Online_Karnataka,Bengaluru Urban,Not Applicable
Karnataka,Bengaluru Urban-REVENUE,RTI_Online_Karnataka,Bengaluru Urban,Not Applicable
Karnataka,Bengaluru Urban-Rural Development and Panchayat Raj - RDPR(Z.P),RTI_Online_Karnataka,Bengaluru Urban,NA
Karnataka,Bengaluru Urban-Urban Development Cell - DUDC,RTI_Online_Karnataka,Bengaluru Urban,Not Applicable
Karnataka,Bengaluru Urban-Yelahanka-Rural Development and Panchayat Raj - RDPR(T.P),RTI_Online_Karnataka,Bengaluru Urban,Yelahanka
Karnataka,Bengaluru rural and Bengaluru urban 1st Additional district consumer disputes redressal commission,RTI_Online_Karnataka,State Level / Not Applicable,Not Applicable
Karnataka,Bengaluru urban - Karnataka Maharshi Valmiki Scheduled Tribes Development Corporation Ltd,RTI_Online_Karnataka,Bengaluru urban,Not Applicable
Karnataka,Bengaluru urban 2nd Additional district consumer disputes redressal commission,RTI_Online_Karnataka,State Level / Not Applicable,Not Applicable
Karnataka,Bengaluru urban 3rd Additional district consumer disputes redressal commission,RTI_Online_Karnataka,State Level / Not Applicable,Not Applicable
Karnataka,Bengaluru urban 4th Additional district consumer disputes redressal commission,RTI_Online_Karnataka,State Level / Not Applicable,Not Applicable
Karnataka,Bengaluru urban district consumer disputes redressal commission,RTI_Online_Karnataka,Bengaluru Urban,Not Applicable
Karnataka,"Bengaluru- Office of The Chief Engineer (Electricity),RT&R&D KPTCL,Corporate Office",RTI_Online_Karnataka,Bengaluru,Not Applicable
Karnataka,"Bengaluru- Office of The Chief Engineer (Electricity),Transmission zone, KPTCL",RTI_Online_Karnataka,Bengaluru,Not Applicable
Karnataka,Bhadra Command Area Development Authority(CADA) (Shivamogga),RTI_Online_Karnataka,Shivamogga,Not Applicable
Karnataka,"Bidar - Deputy Director office, Horticulture Department",RTI_Online_Karnataka,Bidar,Not Applicable
Karnataka,Bidar - District Consumer Disputes and Redressal Commission,RTI_Online_Karnataka,Bidar,Not Applicable
Karnataka,Bidar - District Court,RTI_Online_Karnataka,Bidar,
Karnataka,Bidar - District Institute for Education and Training(DIET),RTI_Online_Karnataka,Bidar,Not Applicable
Karnataka,Bidar - District Training Institute,RTI_Online_Karnataka,Bidar,Not Applicable
Karnataka,Bidar - Karnataka Maharshi Valmiki Scheduled Tribes Development Corporation Ltd,RTI_Online_Karnataka,Bidar,Not Applicable
Karnataka,"Bidar - Office of The Deputy Commissioner, Department of Excise",RTI_Online_Karnataka,Bidar,Not Applicable
Karnataka,Bidar - Office of The District Health and Family Welfare Officer,RTI_Online_Karnataka,Bidar,
Karnataka,"Bidar - Office of The District Skill Development Officer, Skill Development Department",RTI_Online_Karnataka,Bidar,Not Applicable
Karnataka,"Bidar - Office of The Executive Engineer, Department of Minor Irrigation and Ground Water Developmen",RTI_Online_Karnataka,Bidar,Not Applicable
Karnataka,"Bidar - Office of the Assistant Director, Department of Agricultural Marketing",RTI_Online_Karnataka,Bidar,Not Applicable
Karnataka,"Bidar - Office of the Deputy Director, Department of Public Instruction",RTI_Online_Karnataka,Bidar,Not Applicable
Karnataka,"Bidar - Office of the Deputy Director, Department of School Education(Pre University)",RTI_Online_Karnataka,Bidar,Not Applicable
Karnataka,"Bidar - Office of the Deputy Director, District Treasury",RTI_Online_Karnataka,Bidar,Not Applicable
Karnataka,"Bidar - Office of the District Officer, Backward Class Welfare Department",RTI_Online_Karnataka,Bidar,Not Applicable
Karnataka,"Bidar - Office of the Senior Geologist, Department of Mines and Geology",RTI_Online_Karnataka,Bidar,Not Applicable
Karnataka,Bidar- Bidar Institute of Medical Sciences,RTI_Online_Karnataka,Bidar,Not Applicable
Karnataka,Bidar- Karnataka Rural Infrastructure Development Limited,RTI_Online_Karnataka,Bidar,Not Applicable
Karnataka,"Bidar- Office of The Assistant Director, Department of Youth Empowerment and Sports",RTI_Online_Karnataka,Bidar,Not Applicable
Karnataka,"Bidar- Office of The Deputy Director, Department of Women and Child Development",RTI_Online_Karnataka,Bidar,Not Applicable
Karnataka,"Bidar- Office of The Joint Director, Department of Agriculture",RTI_Online_Karnataka,Bidar,Not Applicable
Karnataka,"Bidar- Office of The Joint Director, District Industrial Centre,Dept of Industries and Commerce",RTI_Online_Karnataka,Bidar,Not Applicable
Karnataka,Bidar- Office of The Superintendent of Police,RTI_Online_Karnataka,Bidar,Not Applicable
Karnataka,"Bidar- Regional Office, Karnataka State Pollution Control Board",RTI_Online_Karnataka,Bidar,Not Applicable
Karnataka,Bidar-Aurad-Rural Development and Panchayat Raj - RDPR(T.P),RTI_Online_Karnataka,Bidar,Aurad
Karnataka,Bidar-Basavakalyana-Rural Development and Panchayat Raj - RDPR(T.P),RTI_Online_Karnataka,Bidar,Basavakalyana
Karnataka,Bidar-Bhalki-Rural Development and Panchayat Raj - RDPR(T.P),RTI_Online_Karnataka,Bidar,Bhalki
Karnataka,Bidar-Bidar-Rural Development and Panchayat Raj - RDPR(T.P),RTI_Online_Karnataka,Bidar,Bidar
Karnataka,Bidar-Chitgoppa-Rural Development and Panchayat Raj - RDPR(T.P),RTI_Online_Karnataka,Bidar,Chitgoppa
Karnataka,Bidar-Deputy Director of Land Records-DDLR,RTI_Online_Karnataka,Bidar,Not Applicable
Karnataka,Bidar-District Registrar - DR,RTI_Online_Karnataka,Bidar,Not Applicable
Karnataka,Bidar-Food and Civil Supplies - FCS,RTI_Online_Karnataka,Bidar,Not Applicable
Karnataka,Bidar-Hularuru-Rural Development and Panchayat Raj - RDPR(T.P),RTI_Online_Karnataka,Bidar,Hularuru
Karnataka,Bidar-Humnabad-Rural Development and Panchayat Raj - RDPR(T.P),RTI_Online_Karnataka,Bidar,Humnabad
Karnataka,Bidar-Kamalnagar-Rural Development and Panchayat Raj - RDPR(T.P),RTI_Online_Karnataka,Bidar,Kamalnagar
Karnataka,"Bidar-Karnataka Veterinary and Animal husbandry, fisheries and science university",RTI_Online_Karnataka,Bidar,Not Applicable
Karnataka,Bidar-LABOUR,RTI_Online_Karnataka,Bidar,Not Applicable
Karnataka,"Bidar-Office of The Executive Engineer,Karnataka Neeravari Nigama Limited",RTI_Online_Karnataka,Bidar,Not Applicable
Karnataka,"Bidar-Office of the Deputy Director, Department of Animal Husbandry and Veterinary Services",RTI_Online_Karnataka,Bidar,Not Applicable
Karnataka,Bidar-Public Works Department - PWD,RTI_Online_Karnataka,Bidar,Not Applicable
Karnataka,Bidar-REVENUE,RTI_Online_Karnataka,Bidar,Not Applicable
Karnataka,Bidar-Rural Development and Panchayat Raj - RDPR(Z.P),RTI_Online_Karnataka,Bidar,NA
Karnataka,Bidar-Urban Development Cell - DUDC,RTI_Online_Karnataka,Bidar,Not Applicable
Karnataka,Bruhat Bengaluru Mahanagara Palike (Bommanahalli Zone) BBMP,RTI_Online_Karnataka,Bommanahalli Zone,Not Applicable
Karnataka,Bruhat Bengaluru Mahanagara Palike (Central Zone) BBMP,RTI_Online_Karnataka,Central Zone,Not Applicable
Karnataka,Bruhat Bengaluru Mahanagara Palike (Dasarahalli Zone)BBMP,RTI_Online_Karnataka,Dasarahalli Zone,Not Applicable
Karnataka,Bruhat Bengaluru Mahanagara Palike (East Zone) BBMP,RTI_Online_Karnataka,East Zone,Not Applicable
Karnataka,Bruhat Bengaluru Mahanagara Palike (Mahadevapura Zone) BBMP,RTI_Online_Karnataka,Mahadevapura Zone,Not Applicable
Karnataka,Bruhat Bengaluru Mahanagara Palike (Raja rajeshwarinagar Zone)BBMP,RTI_Online_Karnataka,Raja rajeshwarinagar Zone,Not Applicable
Karnataka,Bruhat Bengaluru Mahanagara Palike (South Zone)BBMP,RTI_Online_Karnataka,South Zone,Not Applicable
Karnataka,Bruhat Bengaluru Mahanagara Palike (West Zone)BBMP,RTI_Online_Karnataka,West Zone,Not Applicable
Karnataka,Bruhat Bengaluru Mahanagara Palike (Yalahanka Zone) BBMP,RTI_Online_Karnataka,Yalahanka Zone,Not Applicable
Karnataka,Central Relief Committee,RTI_Online_Karnataka,NA,Not Applicable
Karnataka,"Chamarajanagar - Deputy Director office, Horticulture department",RTI_Online_Karnataka,Chamarajanagar,Not Applicable
Karnataka,Chamarajanagar - District Training Institute,RTI_Online_Karnataka,Chamarajanagar,Not Applicable
Karnataka,"Chamarajanagar - Office of The Assistant Director, Agricultural Marketing Department",RTI_Online_Karnataka,Chamarajanagar,Not Applicable
Karnataka,"Chamarajanagar - Office of The Deputy Director, Department of Pre University Eductaion",RTI_Online_Karnataka,Chamarajanagar,Not Applicable
Karnataka,"Chamarajanagar - Office of The Deputy Director,Dept of Animal Husbandry and Veterinary Services",RTI_Online_Karnataka,Chamarajanagar,Not Applicable
Karnataka,Chamarajanagar - Office of The District Health and Family Welfare Officer,RTI_Online_Karnataka,Chamarajanagar,Not Applicable
Karnataka,"Chamarajanagar - Office of The Executive Engineer, Department of Rural Drinking Water and Sanitation",RTI_Online_Karnataka,Chamarajanagar,Not Applicable
Karnataka,"Chamarajanagar - Office of the Deputy Director, District Treasury",RTI_Online_Karnataka,Chamarajanagar,Not Applicable
Karnataka,"Chamarajanagar - Office of the District Officer, Backward Class Welfare Department",RTI_Online_Karnataka,Chamarajanagar,Not Applicable
Karnataka,"Chamarajanagar - Office of the District officer, Minority Welfare Department",RTI_Online_Karnataka,Chamarajanagar,Not Applicable
Karnataka,Chamarajanagar- Chamarajanagar Institute of Medical Sciences,RTI_Online_Karnataka,Chamarajanagar,Not Applicable
Karnataka,Chamarajanagar- D.Devaraja Arasu Backward Classes Development Corporation Limited,RTI_Online_Karnataka,Chamarajanagar,
Karnataka,Chamarajanagar- Karnataka State Khadi And Village Industries Board,RTI_Online_Karnataka,Chamarajanagar,Not Applicable
Karnataka,"Chamarajanagar- Office of The Deputy Director , Fisheries Department",RTI_Online_Karnataka,Chamarajanagar,Not Applicable
Karnataka,"Chamarajanagar- Office of The Deputy Director, Department of Public Instruction",RTI_Online_Karnataka,Chamarajanagar,Not Applicable
Karnataka,"Chamarajanagar- Office of The Deputy Director, Department of Women and Child Development",RTI_Online_Karnataka,Chamarajanagar,Not Applicable
Karnataka,"Chamarajanagar- Office of The District Fire Officer, Karnataka Fire and Emergency Services",RTI_Online_Karnataka,Chamarajanagar,Not Applicable
Karnataka,Chamarajanagar- Office of The District Scheduled Tribes Welfare Officer,RTI_Online_Karnataka,Chamarajanagar,Not Applicable
Karnataka,"Chamarajanagar- Office of The District Statistical Officer, Department of Statistics",RTI_Online_Karnataka,Chamarajanagar,Not Applicable
Karnataka,"Chamarajanagar- Office of The Joint Director, Department of Agriculture",RTI_Online_Karnataka,Chamarajanagar,Not Applicable
Karnataka,"Chamarajanagar- Office of The Joint Director, District Industries Centre, Dept of Ind & Comm",RTI_Online_Karnataka,Chamarajanagar,Not Applicable
Karnataka,Chamarajanagar- Office of The Superintendent of Police,RTI_Online_Karnataka,Chamarajanagar,Not Applicable
Karnataka,"Chamarajanagar- Office of the Deputy commissioner, Department of Excise",RTI_Online_Karnataka,Chamarajanagar,Not Applicable
Karnataka,"Chamarajanagar- Office of the Senior Geologist, Department of Mines and Geology",RTI_Online_Karnataka,Chamarajanagar,Not Applicable
Karnataka,"Chamarajanagar- Regional Office, Karnataka State Pollution Control Board",RTI_Online_Karnataka,Chamarajanagar,Not Applicable
Karnataka,Chamarajanagar-Chamarajanagar-Rural Development and Panchayat Raj - RDPR(T.P),RTI_Online_Karnataka,Chamarajanagar,Chamarajanagar
Karnataka,Chamarajanagar-Deputy Director of Land Records-DDLR,RTI_Online_Karnataka,Chamarajanagar,Not Applicable
Karnataka,Chamarajanagar-District Consumer disputes Redressal commission,RTI_Online_Karnataka,Chamarajanagar,Not Applicable
Karnataka,Chamarajanagar-District Registrar - DR,RTI_Online_Karnataka,Chamarajanagar,Not Applicable
Karnataka,Chamarajanagar-Food and Civil Supplies - FCS,RTI_Online_Karnataka,Chamarajanagar,Not Applicable
Karnataka,Chamarajanagar-Gundlupet-Rural Development and Panchayat Raj - RDPR(T.P),RTI_Online_Karnataka,Chamarajanagar,Gundlupet
Karnataka,Chamarajanagar-Hanur-Rural Development and Panchayat Raj - RDPR(T.P),RTI_Online_Karnataka,Chamarajanagar,Hanur
Karnataka,"Chamarajanagar-Industrial Training and Employment Department, District Employment Exchange Office",RTI_Online_Karnataka,Chamarajanagar,Not Applicable
Karnataka,Chamarajanagar-Kollegal-Rural Development and Panchayat Raj - RDPR(T.P),RTI_Online_Karnataka,Chamarajanagar,Kollegal
Karnataka,Chamarajanagar-LABOUR,RTI_Online_Karnataka,Chamarajanagar,Not Applicable
Karnataka,Chamarajanagar-Principal District and Sessions Court,RTI_Online_Karnataka,Chamarajanagar,Not Applicable
Karnataka,Chamarajanagar-Public Works Department - PWD,RTI_Online_Karnataka,Chamarajanagar,Not Applicable
Karnataka,Chamarajanagar-REVENUE,RTI_Online_Karnataka,Chamarajanagar,Not Applicable
Karnataka,Chamarajanagar-Rampur-Rural Development and Panchayat Raj - RDPR(T.P),RTI_Online_Karnataka,Chamarajanagar,Rampur
Karnataka,Chamarajanagar-Rural Development and Panchayat Raj - RDPR(Z.P),RTI_Online_Karnataka,Chamarajanagar,NA
Karnataka,"Chamarajanagar-Senior Geologist,District Groundwater Office,Groundwater Directorate",RTI_Online_Karnataka,Chamarajanagar,
Karnataka,Chamarajanagar-Urban Development Cell - DUDC,RTI_Online_Karnataka,Chamarajanagar,Not Applicable
Karnataka,Chamarajanagar-Yelandur-Rural Development and Panchayat Raj - RDPR(T.P),RTI_Online_Karnataka,Chamarajanagar,Yelandur
Karnataka,Chamarajanagara - Karnataka Maharshi Valmiki Scheduled Tribes Development Corporation Ltd,RTI_Online_Karnataka,Chamarajanagara,Not Applicable
Karnataka,"Chamarajanagara - Office of The Deputy Director, Department of Social Welfare",RTI_Online_Karnataka,Chamarajanagara,Not Applicable
Karnataka,Chamarajanagara Urban Development Authority (CHUDA),RTI_Online_Karnataka,CHUDA,Not Applicable
Karnataka,Chamarajanagara-Karnataka Vocational training and Skill Development Corporation,RTI_Online_Karnataka,Chamarajanagara,Not Applicable
Karnataka,Chamarajnagar - District Institue of Education and Training (DIET),RTI_Online_Karnataka,Chamarajnagar,Not Applicable
Karnataka,Chamundeshwari Electricity Supply Corporation Limited(Chamarajanagar-Kodagu Circle)CESCOM,RTI_Online_Karnataka,Chamundeshwari Electricity Supply Corporation Limited(Chamarajanagar,Not Applicable
Karnataka,Chamundeshwari Electricity Supply Corporation Limited(Corporate Office)CESCOM,RTI_Online_Karnataka,Corporate Office,Not Applicable
Karnataka,Chamundeshwari Electricity Supply Corporation Limited(Hassan Circle),RTI_Online_Karnataka,Hassan Circle,Not Applicable
Karnataka,Chamundeshwari Electricity Supply Corporation Limited(Hassan Zone),RTI_Online_Karnataka,Hassan Zone,Not Applicable
Karnataka,Chamundeshwari Electricity Supply Corporation Limited(Mandya Circle)CESCOM,RTI_Online_Karnataka,Mandya Circle,Not Applicable
Karnataka,Chamundeshwari Electricity Supply Corporation Limited(Mysuru Circle)CESCOM,RTI_Online_Karnataka,Mysuru Circle,Not Applicable
Karnataka,Chamundeshwari Electricity Supply Corporation Limited(Mysuru Zone)CESCOM,RTI_Online_Karnataka,Mysuru Zone,Not Applicable
Karnataka,Channarayapatna Planning Authority,RTI_Online_Karnataka,Channarayapatna,Not Applicable
Karnataka,"Chennai-Bengaluru Industrial Corridor Tumakuru Local Planning Authority, Tumakuru",RTI_Online_Karnataka,Chennai,Not Applicable
Karnataka,Chikkaballapur - District Consumer Disputes Redressal Commission,RTI_Online_Karnataka,Chikkaballapur,Not Applicable
Karnataka,Chikkaballapur - Karnataka Maharshi Valmiki Scheduled Tribes Development Corporation Ltd,RTI_Online_Karnataka,Chikkaballapur,Not Applicable
Karnataka,Chikkaballapur-Deputy Director of Land Records-DDLR,RTI_Online_Karnataka,Chikkaballapur,Not Applicable
Karnataka,Chikkaballapura - District Court,RTI_Online_Karnataka,Chikkaballapura,
Karnataka,Chikkaballapura - District Institute for Education and Training (DIET),RTI_Online_Karnataka,Chikkaballapura,Not Applicable
Karnataka,Chikkaballapura - District Training Institute,RTI_Online_Karnataka,Chikkaballapura,Not Applicable
Karnataka,"Chikkaballapura - Joint Director office, Commerce and Industries department",RTI_Online_Karnataka,Chikkaballapura,Not Applicable
Karnataka,Chikkaballapura - Office of The District Health and Family Welfare Officer,RTI_Online_Karnataka,Chikkaballapura,Not Applicable
Karnataka,"Chikkaballapura - Office of The District Skill Development Officer, Skill Development Department",RTI_Online_Karnataka,Chikkaballapura,Not Applicable
Karnataka,"Chikkaballapura - Office of the Deputy Director (Administration), Department of School Education",RTI_Online_Karnataka,Chikkaballapura,Not Applicable
Karnataka,"Chikkaballapura - Office of the Deputy Director, Department of Women and Child development",RTI_Online_Karnataka,Chikkaballapura,Not Applicable
Karnataka,"Chikkaballapura - Office of the Deputy Director, District Treasury",RTI_Online_Karnataka,Chikkaballapura,Not Applicable
Karnataka,"Chikkaballapura - Office of the District officer, Minority Welfare Department",RTI_Online_Karnataka,Chikkaballapura,Not Applicable
Karnataka,Chikkaballapura - Urban Development Authority,RTI_Online_Karnataka,Chikkaballapura,Not Applicable
Karnataka,"Chikkaballapura -Office of The Assistant Director, Department of Agricultural Marketing",RTI_Online_Karnataka,Chikkaballapura,Not Applicable
Karnataka,"Chikkaballapura- Office of The Assistant Director, Department of Youth Empowerment and Sports",RTI_Online_Karnataka,Chikkaballapura,Not Applicable
Karnataka,"Chikkaballapura- Office of The Deputy Commissioner, Department of Excise",RTI_Online_Karnataka,Chikkaballapura,Not Applicable
Karnataka,"Chikkaballapura- Office of The Deputy Director, Department of Pre University Eductaion.",RTI_Online_Karnataka,Chikkaballapura,Not Applicable
Karnataka,"Chikkaballapura- Office of The Deputy Director, Fisheries Department",RTI_Online_Karnataka,Chikkaballapura,Not Applicable
Karnataka,"Chikkaballapura- Office of The Deputy Director, Horticulture Department",RTI_Online_Karnataka,Chikkaballapura,Not Applicable
Karnataka,"Chikkaballapura- Office of The District Officer, Department of Backward Classes Welfare",RTI_Online_Karnataka,Chikkaballapura,Not Applicable
Karnataka,"Chikkaballapura- Office of The Senior Assistant Director,Dept of Information and Public Relations",RTI_Online_Karnataka,Chikkaballapura,Not Applicable
Karnataka,Chikkaballapura- Office of The Superintendent of Police,RTI_Online_Karnataka,Chikkaballapura,Not Applicable
Karnataka,"Chikkaballapura- Office of the Joint Director, Department of Agriculture",RTI_Online_Karnataka,Chikkaballapura,Not Applicable
Karnataka,Chikkaballapura- Urban Development Cell - DUDC,RTI_Online_Karnataka,Chikkaballapura,Not Applicable
Karnataka,Chikkaballapura-Bagepalli-Rural Development and Panchayat Raj - RDPR(T.P),RTI_Online_Karnataka,Chikkaballapura,Bagepalli
Karnataka,Chikkaballapura-Chikkaballapura-Rural Development and Panchayat Raj - RDPR(T.P),RTI_Online_Karnataka,Chikkaballapura,Chikkaballapura
Karnataka,Chikkaballapura-Chintamani-Rural Development and Panchayat Raj - RDPR(T.P),RTI_Online_Karnataka,Chikkaballapura,Chintamani
Karnataka,Chikkaballapura-District Registrar - DR,RTI_Online_Karnataka,Chikkaballapura,Not Applicable
Karnataka,Chikkaballapura-Food and Civil Supplies - FCS,RTI_Online_Karnataka,Chikkaballapura,Not Applicable
Karnataka,Chikkaballapura-Gauribidanur-Rural Development and Panchayat Raj - RDPR(T.P),RTI_Online_Karnataka,Chikkaballapura,Gauribidanur
Karnataka,Chikkaballapura-Gudibande-Rural Development and Panchayat Raj - RDPR(T.P),RTI_Online_Karnataka,Chikkaballapura,Gudibande
Karnataka,Chikkaballapura-LABOUR,RTI_Online_Karnataka,Chikkaballapura,Not Applicable
Karnataka,"Chikkaballapura-Office of The Deputy Director,Dept of Animal Husbandry and Veterinary Services",RTI_Online_Karnataka,Chikkaballapura,Not Applicable
Karnataka,Chikkaballapura-Public Works Department - PWD,RTI_Online_Karnataka,Chikkaballapura,Not Applicable
Karnataka,Chikkaballapura-REVENUE,RTI_Online_Karnataka,Chikkaballapura,Not Applicable
Karnataka,Chikkaballapura-Rural Development and Panchayat Raj - RDPR(Z.P),RTI_Online_Karnataka,Chikkaballapura,NA
Karnataka,Chikkaballapura-Sidlaghatta-Rural Development and Panchayat Raj - RDPR(T.P),RTI_Online_Karnataka,Chikkaballapura,Sidlaghatta
Karnataka,"Chikkamagaluru - Deputy Director office, Horticulture department",RTI_Online_Karnataka,Chikkamagaluru,Not Applicable
Karnataka,Chikkamagaluru - District Court,RTI_Online_Karnataka,Chikkamagaluru,
Karnataka,Chikkamagaluru - District Institute of Education and Training(DIET),RTI_Online_Karnataka,Chikkamagaluru,Not Applicable
Karnataka,Chikkamagaluru - District Training Institute,RTI_Online_Karnataka,Chikkamagaluru,Not Applicable
Karnataka,"Chikkamagaluru - Office of The Assistant Director, Department of Agricultural Marketing",RTI_Online_Karnataka,Chikkamagaluru,Not Applicable
Karnataka,"Chikkamagaluru - Office of The District Skill Development Officer, Skill Development Department",RTI_Online_Karnataka,Chikkamagaluru,Not Applicable
Karnataka,"Chikkamagaluru - Office of the Assistant Director, Department of Town and Country Planning",RTI_Online_Karnataka,Chikkamagaluru,Not Applicable
Karnataka,"Chikkamagaluru - Office of the Deputy Director, Department of Handlooms and Textiles",RTI_Online_Karnataka,Chikkamagaluru,Not Applicable
Karnataka,"Chikkamagaluru - Office of the Deputy Director, Department of Social Welfare",RTI_Online_Karnataka,Chikkamagaluru,Not Applicable
Karnataka,"Chikkamagaluru - Office of the Deputy Director, District Treasury",RTI_Online_Karnataka,Chikkamagaluru,Not Applicable
Karnataka,Chikkamagaluru - Office of the District Health and Family Welfare Services Officer,RTI_Online_Karnataka,Chikkamagaluru,Not Applicable
Karnataka,"Chikkamagaluru - Office of the District Officer, Backward Class Welfare Department",RTI_Online_Karnataka,Chikkamagaluru,Not Applicable
Karnataka,"Chikkamagaluru - Office of the District officer, Minority Welfare Department",RTI_Online_Karnataka,Chikkamagaluru,Not Applicable
Karnataka,"Chikkamagaluru - Office of the the Deputy Conservator of forest, Social Forestry Division",RTI_Online_Karnataka,Chikkamagaluru,
Karnataka,"Chikkamagaluru - office of the Deputy Director, Department of Pre University Eductaion",RTI_Online_Karnataka,Chikkamagaluru,Not Applicable
Karnataka,Chikkamagaluru- Aralaguppe Mallegowda District Hospital,RTI_Online_Karnataka,Chikkamagaluru,Not Applicable
Karnataka,"Chikkamagaluru- District Prison, Prison and Correctional Service Department",RTI_Online_Karnataka,Chikkamagaluru,
Karnataka,Chikkamagaluru- Karnataka Rural Infrastructure Development Limited,RTI_Online_Karnataka,Chikkamagaluru,Not Applicable
Karnataka,"Chikkamagaluru- Office of The Assistant Director, Department of Tourism",RTI_Online_Karnataka,Chikkamagaluru,Not Applicable
Karnataka,"Chikkamagaluru- Office of The Deputy Director, Department of Public Instruction",RTI_Online_Karnataka,Chikkamagaluru,Not Applicable
Karnataka,"Chikkamagaluru- Office of The Senior Assistant Director, Fisheries Department",RTI_Online_Karnataka,Chikkamagaluru,Not Applicable
Karnataka,Chikkamagaluru- Office of The Superintendent of Police,RTI_Online_Karnataka,Chikkamagaluru,Not Applicable
Karnataka,"Chikkamagaluru- Office of the Deputy Director, Department of Sericulture",RTI_Online_Karnataka,Chikkamagaluru,Not Applicable
Karnataka,"Chikkamagaluru- Office of the Deputy Director, Department of Women and Child Welfare",RTI_Online_Karnataka,Chikkamagaluru,Not Applicable
Karnataka,"Chikkamagaluru- Office of the Deputy commissioner, Department of Excise",RTI_Online_Karnataka,Chikkamagaluru,Not Applicable
Karnataka,"Chikkamagaluru- Office of the District Statistical Officer, Department of Statistics",RTI_Online_Karnataka,Chikkamagaluru,Not Applicable
Karnataka,"Chikkamagaluru- Office of the Joint Director, Department of Agriculture",RTI_Online_Karnataka,Chikkamagaluru,Not Applicable
Karnataka,"Chikkamagaluru- Regional Office, Karnataka State Pollution Control Board",RTI_Online_Karnataka,Chikkamagaluru,Not Applicable
Karnataka,Chikkamagaluru- Urban Development Authority,RTI_Online_Karnataka,Chikkamagaluru,Not Applicable
Karnataka,Chikkamagaluru-Ajjampura-Rural Development and Panchayat Raj - RDPR(T.P),RTI_Online_Karnataka,Chikkamagaluru,Ajjampura
Karnataka,Chikkamagaluru-Chikkamagaluru-Rural Development and Panchayat Raj - RDPR(T.P),RTI_Online_Karnataka,Chikkamagaluru,Chikkamagaluru
Karnataka,Chikkamagaluru-Deputy Director of Land Records-DDLR,RTI_Online_Karnataka,Chikkamagaluru,Not Applicable
Karnataka,Chikkamagaluru-District Registrar - DR,RTI_Online_Karnataka,Chikkamagaluru,Not Applicable
Karnataka,Chikkamagaluru-Food and Civil Supplies - FCS,RTI_Online_Karnataka,Chikkamagaluru,Not Applicable
Karnataka,"Chikkamagaluru-Joint Director office, Commerce and Industries Department",RTI_Online_Karnataka,Chikkamagaluru,Not Applicable
Karnataka,Chikkamagaluru-Kadur-Rural Development and Panchayat Raj - RDPR(T.P),RTI_Online_Karnataka,Chikkamagaluru,Kadur
Karnataka,Chikkamagaluru-Koppa-Rural Development and Panchayat Raj - RDPR(T.P),RTI_Online_Karnataka,Chikkamagaluru,Koppa
Karnataka,Chikkamagaluru-LABOUR,RTI_Online_Karnataka,Chikkamagaluru,Not Applicable
Karnataka,Chikkamagaluru-Mudigere-Rural Development and Panchayat Raj - RDPR(T.P),RTI_Online_Karnataka,Chikkamagaluru,Mudigere
Karnataka,Chikkamagaluru-Narasimharajapura-Rural Development and Panchayat Raj - RDPR(T.P),RTI_Online_Karnataka,Chikkamagaluru,Narasimharajapura
Karnataka,Chikkamagaluru-Public Works Department - PWD,RTI_Online_Karnataka,Chikkamagaluru,Not Applicable
Karnataka,Chikkamagaluru-REVENUE,RTI_Online_Karnataka,Chikkamagaluru,Not Applicable
Karnataka,Chikkamagaluru-Rural Development and Panchayat Raj - RDPR(Z.P),RTI_Online_Karnataka,Chikkamagaluru,NA
Karnataka,Chikkamagaluru-Sringeri-Rural Development and Panchayat Raj - RDPR(T.P),RTI_Online_Karnataka,Chikkamagaluru,Sringeri
Karnataka,Chikkamagaluru-Tarikere-Rural Development and Panchayat Raj - RDPR(T.P),RTI_Online_Karnataka,Chikkamagaluru,Tarikere
Karnataka,Chikkamagaluru-Urban Development Cell- DUDC,RTI_Online_Karnataka,Chikkamagaluru,Not Applicable
Karnataka,Chitradurga - Agricultural Marketing Department,RTI_Online_Karnataka,Chitradurga,Not Applicable
Karnataka,Chitradurga - College of Teachers Education,RTI_Online_Karnataka,Chitradurga,Not Applicable
Karnataka,Chitradurga - District Consumer Disputes Redressal Commission,RTI_Online_Karnataka,Chitradurga,Not Applicable
Karnataka,Chitradurga - District Court,RTI_Online_Karnataka,Chitradurga,
Karnataka,Chitradurga - District Hospital,RTI_Online_Karnataka,Chitradurga,Not Applicable
Karnataka,Chitradurga - District Institute for Education and Training (DIET),RTI_Online_Karnataka,Chitradurga,Not Applicable
Karnataka,Chitradurga - District Project office- karnataka Housing board,RTI_Online_Karnataka,Chitradurga,Not Applicable
Karnataka,Chitradurga - District Training Institute,RTI_Online_Karnataka,Chitradurga,Not Applicable
Karnataka,Chitradurga - Karnataka Maharshi Valmiki Scheduled Tribes Development Corporation Ltd,RTI_Online_Karnataka,Chitradurga,Not Applicable
Karnataka,"Chitradurga - Office of The Deputy Director, Fisheries Department",RTI_Online_Karnataka,Chitradurga,Not Applicable
Karnataka,Chitradurga - Office of The Deputy Registrar of Co-operative Societies,RTI_Online_Karnataka,Chitradurga,Not Applicable
Karnataka,Chitradurga - Office of The District Health and Family Welfare Officer,RTI_Online_Karnataka,Chitradurga,Not Applicable
Karnataka,"Chitradurga - Office of The District Skill Development Officer, Skill Development Department",RTI_Online_Karnataka,Chitradurga,Not Applicable
Karnataka,"Chitradurga - Office of the Assiatant Director, Department of Kannada and Culture",RTI_Online_Karnataka,Chitradurga,Not Applicable
Karnataka,"Chitradurga - Office of the Assistant Director, Department of Information and Public Relations",RTI_Online_Karnataka,Chitradurga,Not Applicable
Karnataka,"Chitradurga - Office of the Deputy Director, Department of Animal Husbandry and Veterinary Services",RTI_Online_Karnataka,Chitradurga,Not Applicable
Karnataka,"Chitradurga - Office of the Deputy Director, Department of Handlooms and Textiles",RTI_Online_Karnataka,Chitradurga,Not Applicable
Karnataka,"Chitradurga - Office of the Deputy Director, Department of Horticulture",RTI_Online_Karnataka,Chitradurga,Not Applicable
Karnataka,"Chitradurga - Office of the Deputy Director, Department of Pre University Eductaion",RTI_Online_Karnataka,Chitradurga,Not Applicable
Karnataka,"Chitradurga - Office of the Deputy Director, Department of Sericulture",RTI_Online_Karnataka,Chitradurga,Not Applicable
Karnataka,"Chitradurga - Office of the Deputy Director, Department of Social Welfare",RTI_Online_Karnataka,Chitradurga,Not Applicable
Karnataka,"Chitradurga - Office of the Deputy Director, Department of Tourism",RTI_Online_Karnataka,Chitradurga,Not Applicable
Karnataka,"Chitradurga - Office of the Deputy Director, Department of Women and Child Development",RTI_Online_Karnataka,Chitradurga,Not Applicable
Karnataka,"Chitradurga - Office of the Deputy Director, District Treasury",RTI_Online_Karnataka,Chitradurga,Not Applicable
Karnataka,"Chitradurga - Office of the Deputy commissioner, Department of Excise",RTI_Online_Karnataka,Chitradurga,Not Applicable
Karnataka,"Chitradurga - Office of the District Office, Department of Backward Classes Welfare",RTI_Online_Karnataka,Chitradurga,Not Applicable
Karnataka,"Chitradurga - Office of the District officer, Minority Welfare Department",RTI_Online_Karnataka,Chitradurga,Not Applicable
Karnataka,"Chitradurga - Office of the Joint Director, Department of Agriculture",RTI_Online_Karnataka,Chitradurga,Not Applicable
Karnataka,"Chitradurga - Office of the Joint Director, District Industrial Centre, Dept of Ind & Comm",RTI_Online_Karnataka,Chitradurga,Not Applicable
Karnataka,"Chitradurga - Regional Office, Karnataka State Pollution Control Board",RTI_Online_Karnataka,Chitradurga,Not Applicable
Karnataka,Chitradurga Urban Development Authority (CUDA),RTI_Online_Karnataka,CUDA,Not Applicable
Karnataka,Chitradurga- Branch Office Karnataka State Financial Corporation,RTI_Online_Karnataka,Chitradurga,Not Applicable
Karnataka,"Chitradurga- Office of The Deputy Director, Department of Public Instruction",RTI_Online_Karnataka,Chitradurga,Not Applicable
Karnataka,Chitradurga- Office of The Superintendent of Police,RTI_Online_Karnataka,Chitradurga,Not Applicable
Karnataka,Chitradurga-Challakere-Rural Development and Panchayat Raj - RDPR(T.P),RTI_Online_Karnataka,Chitradurga,Challakere
Karnataka,Chitradurga-Chitradurga-Rural Development and Panchayat Raj - RDPR(T.P),RTI_Online_Karnataka,Chitradurga,Chitradurga
Karnataka,Chitradurga-Deputy Director of Land Records-DDLR,RTI_Online_Karnataka,Chitradurga,Not Applicable
Karnataka,Chitradurga-District Registrar - DR,RTI_Online_Karnataka,Chitradurga,Not Applicable
Karnataka,Chitradurga-Food and Civil Supplies - FCS,RTI_Online_Karnataka,Chitradurga,Not Applicable
Karnataka,Chitradurga-Hiriyur-Rural Development and Panchayat Raj - RDPR(T.P),RTI_Online_Karnataka,Chitradurga,Hiriyur
Karnataka,Chitradurga-Holalkere-Rural Development and Panchayat Raj - RDPR(T.P),RTI_Online_Karnataka,Chitradurga,Holalkere
Karnataka,Chitradurga-Hosadurga-Rural Development and Panchayat Raj - RDPR(T.P),RTI_Online_Karnataka,Chitradurga,Hosadurga
Karnataka,Chitradurga-LABOUR,RTI_Online_Karnataka,Chitradurga,Not Applicable
Karnataka,Chitradurga-Molakalmuru-Rural Development and Panchayat Raj - RDPR(T.P),RTI_Online_Karnataka,Chitradurga,Molakalmuru
Karnataka,Chitradurga-Public Works Department - PWD,RTI_Online_Karnataka,Chitradurga,Not Applicable
Karnataka,Chitradurga-REVENUE,RTI_Online_Karnataka,Chitradurga,Not Applicable
Karnataka,Chitradurga-Rural Development and Panchayat Raj - RDPR(Z.P),RTI_Online_Karnataka,Chitradurga,NA
Karnataka,Chitradurga-Urban Development Cell - DUDC,RTI_Online_Karnataka,Chitradurga,Not Applicable
Karnataka,Command Area Development Authority(CADA) Cauvery Basin Project(Mysuru),RTI_Online_Karnataka,Mysuru,Not Applicable
Karnataka,"Command Area Development Authority, Malaprabha Ghataprabha Project (Belagavi)",RTI_Online_Karnataka,Belagavi,Not Applicable
Karnataka,"Commissioner, Commercial Taxes Department",RTI_Online_Karnataka,NA,Not Applicable
Karnataka,Commissionerate Of Agriculture,RTI_Online_Karnataka,NA,Not Applicable
Karnataka,Commissionerate Of Backward Classes Welfare Department,RTI_Online_Karnataka,NA,Not Applicable
Karnataka,Commissionerate of Food Safety and Standards Authority,RTI_Online_Karnataka,NA,Not Applicable
Karnataka,Commissionerate of Health and Family Welfare Services,RTI_Online_Karnataka,NA,Not Applicable
Karnataka,Commissionerate of Industrial Training and Employment Department,RTI_Online_Karnataka,NA,Not Applicable
Karnataka,Commissionerate of Industrial Training and Employment Department (Training),RTI_Online_Karnataka,NA,Not Applicable
Karnataka,Commissionerate of Information And Public Relation Department,RTI_Online_Karnataka,NA,Not Applicable
Karnataka,Commissionerate of Revenue Department,RTI_Online_Karnataka,NA,Not Applicable
Karnataka,Commissionerate of Social Welfare,RTI_Online_Karnataka,NA,Not Applicable
Karnataka,Commissionerate of Urban Development Authorities and Town and Country Planning,RTI_Online_Karnataka,,
Karnataka,Commissionerate of Watershed Development Department,RTI_Online_Karnataka,NA,Not Applicable
Karnataka,Commissionerate of Youth Empowerment and Sports,RTI_Online_Karnataka,NA,Not Applicable
Karnataka,D Devaraj Urs Backward Classes Development Corporation,RTI_Online_Karnataka,NA,Not Applicable
Karnataka,D Devaraj Urs Research Institute,RTI_Online_Karnataka,NA,Not Applicable
Karnataka,D.Devaraj Urs Trucks Terminals Limited,RTI_Online_Karnataka,NA,Not Applicable
Karnataka,"Dakshina Kannada - College of Teachers Education, Mangaluru",RTI_Online_Karnataka,Dakshina Kannada,Not Applicable
Karnataka,Dakshina Kannada - District Consumer Disputes Redressal commission,RTI_Online_Karnataka,Dakshina Kannada,Not Applicable
Karnataka,Dakshina Kannada - District Court,RTI_Online_Karnataka,Dakshina Kannada,
Karnataka,Dakshina Kannada - District Institute for Education and Training (DIET) Mangalore,RTI_Online_Karnataka,Dakshina Kannada,Not Applicable
Karnataka,Dakshina Kannada - District Scheduled Tribes Welfare Department,RTI_Online_Karnataka,Dakshina Kannada,Not Applicable
Karnataka,Dakshina Kannada - District Skill development Office,RTI_Online_Karnataka,Dakshina Kannada,Not Applicable
Karnataka,"Dakshina Kannada - District Training Institute, Mangaluru",RTI_Online_Karnataka,Dakshina Kannada,Not Applicable
Karnataka,Dakshina Kannada - Fertilizer Control Laboratory,RTI_Online_Karnataka,Dakshina Kannada,Not Applicable
Karnataka,"Dakshina Kannada - Office of The Assistant Director, Department of Agricultural Marketing",RTI_Online_Karnataka,Dakshina Kannada,Not Applicable
Karnataka,Dakshina Kannada - Office of The District Health and Family Welfare Officer,RTI_Online_Karnataka,Dakshina Kannada,
Karnataka,"Dakshina Kannada - Office of The District officer, Minority Welfare Department",RTI_Online_Karnataka,Dakshina Kannada,Not Applicable
Karnataka,"Dakshina Kannada - Office of the Deputy Director (Administration), Department of School Education",RTI_Online_Karnataka,Dakshina Kannada,Not Applicable
Karnataka,"Dakshina Kannada - Office of the Deputy Director, Department of School Education(Pre University)",RTI_Online_Karnataka,Dakshina Kannada,Not Applicable
Karnataka,"Dakshina Kannada - Office of the Deputy Director, Department of Social Welfare",RTI_Online_Karnataka,Dakshina Kannada,Not Applicable
Karnataka,"Dakshina Kannada - Office of the Deputy Director, District Treasury Mangaluru",RTI_Online_Karnataka,Dakshina Kannada,Not Applicable
Karnataka,"Dakshina Kannada - Office of the Joint Director,Department of Agriculture,Mangaluru",RTI_Online_Karnataka,Dakshina Kannada,Not Applicable
Karnataka,"Dakshina Kannada -Joint Director office, Commerce and Industries Department(Mangaluru)",RTI_Online_Karnataka,Dakshina Kannada,Not Applicable
Karnataka,"Dakshina Kannada- Office of The Deputy Director, Department of Sericulture",RTI_Online_Karnataka,Dakshina Kannada,Not Applicable
Karnataka,"Dakshina Kannada- Office of The Deputy Director, Department of Women and Child Development",RTI_Online_Karnataka,Dakshina Kannada,Not Applicable
Karnataka,"Dakshina Kannada- Office of The District Officer, Backward Classes Welfare Department",RTI_Online_Karnataka,Dakshina Kannada,Not Applicable
Karnataka,Dakshina Kannada- Office of The Superintendent of Police,RTI_Online_Karnataka,Dakshina Kannada,Not Applicable
Karnataka,Dakshina Kannada-Bantwal-Rural Development and Panchayat Raj - RDPR(T.P),RTI_Online_Karnataka,Dakshina Kannada,Bantwal
Karnataka,Dakshina Kannada-Beltangadi-Rural Development and Panchayat Raj - RDPR(T.P),RTI_Online_Karnataka,Dakshina Kannada,Beltangadi
Karnataka,Dakshina Kannada-City Corporation,RTI_Online_Karnataka,Dakshina Kannada,Not Applicable
Karnataka,Dakshina Kannada-Deputy Director of Land Records-DDLR,RTI_Online_Karnataka,Dakshina Kannada,Not Applicable
Karnataka,Dakshina Kannada-District Registrar - DR,RTI_Online_Karnataka,Dakshina Kannada,Not Applicable
Karnataka,Dakshina Kannada-Kadaba-Rural Development and Panchayat Raj - RDPR(T.P),RTI_Online_Karnataka,Dakshina Kannada,Kadaba
Karnataka,Dakshina Kannada-LABOUR,RTI_Online_Karnataka,Dakshina Kannada,Not Applicable
Karnataka,Dakshina Kannada-Mangaluru-Rural Development and Panchayat Raj - RDPR(T.P),RTI_Online_Karnataka,Dakshina Kannada,Mangaluru
Karnataka,Dakshina Kannada-Moodabidri-Rural Development and Panchayat Raj - RDPR(T.P),RTI_Online_Karnataka,Dakshina Kannada,Moodabidri
Karnataka,"Dakshina Kannada-Office of the Regional Director, Department of Forest, Ecology and Environment",RTI_Online_Karnataka,Dakshina Kannada,
Karnataka,Dakshina Kannada-Public Works Department - PWD,RTI_Online_Karnataka,Dakshina Kannada,Not Applicable
Karnataka,Dakshina Kannada-Puttur-Rural Development and Panchayat Raj - RDPR(T.P),RTI_Online_Karnataka,Dakshina Kannada,Puttur
Karnataka,Dakshina Kannada-REVENUE,RTI_Online_Karnataka,Dakshina Kannada,Not Applicable
Karnataka,Dakshina Kannada-Rural Development and Panchayat Raj - RDPR(Z.P),RTI_Online_Karnataka,Dakshina Kannada,NA
Karnataka,Dakshina Kannada-Sulya-Rural Development and Panchayat Raj - RDPR(T.P),RTI_Online_Karnataka,Dakshina Kannada,Sulya
Karnataka,Dakshina Kannada-Urban Development Cell - DUDC,RTI_Online_Karnataka,Dakshina Kannada,Not Applicable
Karnataka,Dakshina kannada-Food and Civil Supplies - FCS,RTI_Online_Karnataka,Dakshina kannada,Not Applicable
Karnataka,Davanagere - District Court,RTI_Online_Karnataka,Davanagere,
Karnataka,Davanagere - District Institute for Education and Training (DIET),RTI_Online_Karnataka,Davanagere,Not Applicable
Karnataka,Davanagere - Karnataka Maharshi Valmiki Scheduled Tribes Development Corporation Ltd,RTI_Online_Karnataka,Davanagere,Not Applicable
Karnataka,"Davanagere - Office of The Assistant Director, Department of Town and Country Planning",RTI_Online_Karnataka,Davanagere,Not Applicable
Karnataka,"Davanagere - Office of The Deputy Director, Department of Animal Husbandary and Veterinary Services",RTI_Online_Karnataka,Davanagere,
Karnataka,"Davanagere - Office of The Deputy Director, Department of Women and Child Development",RTI_Online_Karnataka,Davanagere,Not Applicable
Karnataka,Davanagere - Office of The Deputy Registrar of Co-operative Societies,RTI_Online_Karnataka,Davanagere,Not Applicable
Karnataka,"Davanagere - Office of The District Skill Development Officer, Dept of Skill Development, Enterpren",RTI_Online_Karnataka,Davanagere,Not Applicable
Karnataka,"Davanagere - Office of The District officer, Minority Welfare Department",RTI_Online_Karnataka,Davanagere,Not Applicable
Karnataka,"Davanagere - Office of the Deputy Director (Administration), Department of School Education",RTI_Online_Karnataka,Davanagere,Not Applicable
Karnataka,"Davanagere - Office of the Deputy Director, District Treasury",RTI_Online_Karnataka,Davanagere,Not Applicable
Karnataka,"Davanagere - Office of the District officer, Backward Classes Welfare Department",RTI_Online_Karnataka,Davanagere,Not Applicable
Karnataka,Davanagere - Urban Development Cell - DUDC,RTI_Online_Karnataka,Davanagere,Not Applicable
Karnataka,"Davanagere -Office of The Assistant Director, Department of Agricultural Marketing",RTI_Online_Karnataka,Davanagere,Not Applicable
Karnataka,Davanagere University,RTI_Online_Karnataka,State Level / Not Applicable,Not Applicable
Karnataka,Davanagere- District Training Institute,RTI_Online_Karnataka,Davanagere,Not Applicable
Karnataka,"Davanagere- Joint Director office, Commerce and Industries Department",RTI_Online_Karnataka,Davanagere,Not Applicable
Karnataka,Davanagere- Karnataka Rural Infrastructure Development Limited,RTI_Online_Karnataka,Davanagere,Not Applicable
Karnataka,"Davanagere- Office of The Assistant Director, Department of Kannada and Culture",RTI_Online_Karnataka,Davanagere,Not Applicable
Karnataka,"Davanagere- Office of The Assistant Director, Department of Tourism",RTI_Online_Karnataka,Davanagere,Not Applicable
Karnataka,"Davanagere- Office of The Assistant Director, Department of Youth Empowerment and Sports",RTI_Online_Karnataka,Davanagere,Not Applicable
Karnataka,"Davanagere- Office of The Deputy Director, Department of Handlooms and Textiles",RTI_Online_Karnataka,Davanagere,Not Applicable
Karnataka,"Davanagere- Office of The Deputy Director, Department of Sericulture",RTI_Online_Karnataka,Davanagere,Not Applicable
Karnataka,"Davanagere- Office of The Deputy Director, Fisheries Department",RTI_Online_Karnataka,Davanagere,Not Applicable
Karnataka,Davanagere- Office of The District Health and Family Welfare Officer,RTI_Online_Karnataka,Davanagere,Not Applicable
Karnataka,"Davanagere- Office of The District Statistical Officer,Department of Statistics",RTI_Online_Karnataka,Davanagere,Not Applicable
Karnataka,"Davanagere- Office of The Executive Engineer,Karnataka Neeravari Nigama Limited",RTI_Online_Karnataka,Davanagere,Not Applicable
Karnataka,"Davanagere- Office of The Joint Director, Department of Agriculture",RTI_Online_Karnataka,Davanagere,Not Applicable
Karnataka,"Davanagere- Office of The Special Land Aquisition Officer, Kotturu- Harihara Railway Broadway Line",RTI_Online_Karnataka,Davanagere,Not Applicable
Karnataka,Davanagere- Office of The Superintendent of Police,RTI_Online_Karnataka,Davanagere,Not Applicable
Karnataka,"Davanagere- Regional Office, Karnataka State Pollution Control Board",RTI_Online_Karnataka,Davanagere,Not Applicable
Karnataka,Davanagere-Channagiri-Rural Development and Panchayat Raj - RDPR(T.P),RTI_Online_Karnataka,Davanagere,Channagiri
Karnataka,Davanagere-City Corporation,RTI_Online_Karnataka,Davanagere,Not Applicable
Karnataka,Davanagere-Davanagere-Rural Development and Panchayat Raj - RDPR(T.P),RTI_Online_Karnataka,Davanagere,Davanagere
Karnataka,Davanagere-Deputy Director of Land Records-DDLR,RTI_Online_Karnataka,Davanagere,Not Applicable
Karnataka,Davanagere-District Consumer disputes Redressal commission,RTI_Online_Karnataka,Davanagere,Not Applicable
Karnataka,Davanagere-District Registrar - DR,RTI_Online_Karnataka,Davanagere,Not Applicable
Karnataka,Davanagere-Food and Civil Supplies - FCS,RTI_Online_Karnataka,Davanagere,Not Applicable
Karnataka,Davanagere-Harihar-Rural Development and Panchayat Raj - RDPR(T.P),RTI_Online_Karnataka,Davanagere,Harihar
Karnataka,Davanagere-Honnali-Rural Development and Panchayat Raj - RDPR(T.P),RTI_Online_Karnataka,Davanagere,Honnali
Karnataka,"Davanagere-Industrial Training and Employment Department, District Employment Exchange Office",RTI_Online_Karnataka,Davanagere,Not Applicable
Karnataka,Davanagere-Jagalur-Rural Development and Panchayat Raj - RDPR(T.P),RTI_Online_Karnataka,Davanagere,Jagalur
Karnataka,Davanagere-LABOUR,RTI_Online_Karnataka,Davanagere,Not Applicable
Karnataka,Davanagere-Nyamati-Rural Development and Panchayat Raj - RDPR(T.P),RTI_Online_Karnataka,Davanagere,Nyamati
Karnataka,"Davanagere-Office of the Deputy Director, Regional Forensic Science Laboratory",RTI_Online_Karnataka,Davanagere,
Karnataka,Davanagere-Public Works Department - PWD,RTI_Online_Karnataka,Davanagere,Not Applicable
Karnataka,Davanagere-REVENUE,RTI_Online_Karnataka,Davanagere,Not Applicable
Karnataka,Davanagere-Rural Development and Panchayat Raj - RDPR(Z.P),RTI_Online_Karnataka,Davanagere,NA
Karnataka,Davangere - Harihara urban Development Authority,RTI_Online_Karnataka,Davangere,Not Applicable
Karnataka,Department of Agricultural Marketing,RTI_Online_Karnataka,NA,Not Applicable
Karnataka,"Department of Factories,Boilers,Industrial Safety & Health",RTI_Online_Karnataka,NA,Not Applicable
Karnataka,"Department of Printing, Stationary and Publication",RTI_Online_Karnataka,NA,Not Applicable
Karnataka,Department of Prosecutions & Government Litigation.,RTI_Online_Karnataka,NA,Not Applicable
Karnataka,Department of State Educational Research and Training,RTI_Online_Karnataka,NA,Not Applicable
Karnataka,Department of Technical education,RTI_Online_Karnataka,NA,Not Applicable
Karnataka,"Dharwad - Additional Director, Town and Country Planning Department, Dharwad Zonal Office",RTI_Online_Karnataka,Dharwad,Not Applicable
Karnataka,Dharwad - District Court,RTI_Online_Karnataka,Dharwad,
Karnataka,Dharwad - District Institute for Education and Training (DIET),RTI_Online_Karnataka,Dharwad,Not Applicable
Karnataka,Dharwad - District Training Institute,RTI_Online_Karnataka,Dharwad,Not Applicable
Karnataka,"Dharwad - Executive Engineer office, Department of Minor Irrigation and Ground Water Development",RTI_Online_Karnataka,Dharwad,
Karnataka,Dharwad - Karnataka Maharshi Valmiki Scheduled Tribes Development Corporation Ltd,RTI_Online_Karnataka,Dharwad,Not Applicable
Karnataka,Dharwad - Karnataka Urban Water Supply and Drainage Board,RTI_Online_Karnataka,Dharwad,Not Applicable
Karnataka,"Dharwad - Office of The Additional Commissioner, Department of School Education",RTI_Online_Karnataka,Dharwad,Not Applicable
Karnataka,"Dharwad - Office of The Assistant Director, Department of Youth Empowerment and Sports",RTI_Online_Karnataka,Dharwad,Not Applicable
Karnataka,"Dharwad - Office of The Deputy Conservator of Forest, karnataka State Forest Academy",RTI_Online_Karnataka,Dharwad,
Karnataka,"Dharwad - Office of The Deputy Director, Department of Agricultural Marketing",RTI_Online_Karnataka,Dharwad,Not Applicable
Karnataka,Dharwad - Office of The District Health and Family Welfare Officer,RTI_Online_Karnataka,Dharwad,Not Applicable
Karnataka,"Dharwad - Office of The District Skill Development Officer, Skill Development Department",RTI_Online_Karnataka,Dharwad,Not Applicable
Karnataka,"Dharwad - Office of The Joint Director, District Industrial Centre, Dept of Industries & Commerce",RTI_Online_Karnataka,Dharwad,Not Applicable
Karnataka,"Dharwad - Office of the Chief Engineer, C&B(North),Public Works Department",RTI_Online_Karnataka,Dharwad,Not Applicable
Karnataka,"Dharwad - Office of the Deputy Director, Department of Animal Husbandry and Veterinary Services",RTI_Online_Karnataka,Dharwad,Not Applicable
Karnataka,"Dharwad - Office of the Deputy Director, Department of Horticulture",RTI_Online_Karnataka,Dharwad,Not Applicable
Karnataka,"Dharwad - Office of the Deputy Director, Department of Sericulture",RTI_Online_Karnataka,Dharwad,Not Applicable
Karnataka,"Dharwad - Office of the Deputy Director, Department of Social Welfare",RTI_Online_Karnataka,Dharwad,Not Applicable
Karnataka,"Dharwad - Office of the Deputy Director, Department of Women and Child Development",RTI_Online_Karnataka,Dharwad,Not Applicable
Karnataka,"Dharwad - Office of the Deputy Director, District Treasury",RTI_Online_Karnataka,Dharwad,Not Applicable
Karnataka,"Dharwad - Office of the Joint Director, Department of Agriculture",RTI_Online_Karnataka,Dharwad,Not Applicable
Karnataka,"Dharwad - Office of the Senior Geologist, Department of Mines and Geology",RTI_Online_Karnataka,Dharwad,Not Applicable
Karnataka,Dharwad - Water and Land Management Institution (WALMI),RTI_Online_Karnataka,Dharwad,Not Applicable
Karnataka,"Dharwad -Dharwad - Office of The Deputy Director, Fisheries Department",RTI_Online_Karnataka,Dharwad,Not Applicable
Karnataka,Dharwad Regional Science Centre,RTI_Online_Karnataka,NA,Not Applicable
Karnataka,"Dharwad- Karnataka Institute of Medical Sciences,Hubli",RTI_Online_Karnataka,Dharwad,Not Applicable
Karnataka,Dharwad- Karnataka Power Transmission Corporation Limited,RTI_Online_Karnataka,Dharwad,Not Applicable
Karnataka,Dharwad- Karnataka Rural Infrastructure Development Limited,RTI_Online_Karnataka,Dharwad,Not Applicable
Karnataka,Dharwad- Karnataka Slum Development Board,RTI_Online_Karnataka,Dharwad,Not Applicable
Karnataka,Dharwad- NGEF (Hubli) Limited,RTI_Online_Karnataka,Dharwad,Not Applicable
Karnataka,"Dharwad- Office of The Deputy Director, Department of Public Instruction",RTI_Online_Karnataka,Dharwad,Not Applicable
Karnataka,"Dharwad- Office of The Deputy commissioner, Department of Excise",RTI_Online_Karnataka,Dharwad,Not Applicable
Karnataka,"Dharwad- Office of The District Officer, Backward Classes Welfare Department",RTI_Online_Karnataka,Dharwad,Not Applicable
Karnataka,Dharwad- Office of The Superintendent of Police,RTI_Online_Karnataka,Dharwad,Not Applicable
Karnataka,Dharwad- Office of the District Statistical Officer,RTI_Online_Karnataka,Dharwad,Not Applicable
Karnataka,"Dharwad- Office of the Regional Transport Officer, Department of Transport",RTI_Online_Karnataka,Dharwad,
Karnataka,Dharwad-Alnavara-Rural Development and Panchayat Raj - RDPR(T.P),RTI_Online_Karnataka,Dharwad,Alnavara
Karnataka,Dharwad-Annigeri-Rural Development and Panchayat Raj - RDPR(T.P),RTI_Online_Karnataka,Dharwad,Annigeri
Karnataka,Dharwad-Centre for Entrepreneurship Development of Karnataka CEDOK,RTI_Online_Karnataka,Dharwad,Not Applicable
Karnataka,Dharwad-City Corporation,RTI_Online_Karnataka,Dharwad,Not Applicable
Karnataka,Dharwad-Department of Electrical Inspectorate,RTI_Online_Karnataka,Dharwad,Not Applicable
Karnataka,Dharwad-Deputy Director of Land Records-DDLR,RTI_Online_Karnataka,Dharwad,Not Applicable
Karnataka,Dharwad-Dharwad-Rural Development and Panchayat Raj - RDPR(T.P),RTI_Online_Karnataka,Dharwad,Dharwad
Karnataka,Dharwad-District Registrar - DR,RTI_Online_Karnataka,Dharwad,Not Applicable
Karnataka,Dharwad-Food and Civil Supplies - FCS,RTI_Online_Karnataka,Dharwad,Not Applicable
Karnataka,Dharwad-Hubballi-Rural Development and Panchayat Raj - RDPR(T.P),RTI_Online_Karnataka,Dharwad,Hubballi
Karnataka,Dharwad-HubballiCity-Rural Development and Panchayat Raj - RDPR(T.P),RTI_Online_Karnataka,Dharwad,
Karnataka,Dharwad-Kalghatgi-Rural Development and Panchayat Raj - RDPR(T.P),RTI_Online_Karnataka,Dharwad,Kalghatgi
Karnataka,Dharwad-Kundgol-Rural Development and Panchayat Raj - RDPR(T.P),RTI_Online_Karnataka,Dharwad,Kundgol
Karnataka,Dharwad-LABOUR,RTI_Online_Karnataka,Dharwad,Not Applicable
Karnataka,Dharwad-Navalgund-Rural Development and Panchayat Raj - RDPR(T.P),RTI_Online_Karnataka,Dharwad,Navalgund
Karnataka,Dharwad-Office of the Deputy Police Commissioner,RTI_Online_Karnataka,Dharwad,Not Applicable
Karnataka,Dharwad-Public Works Department - PWD,RTI_Online_Karnataka,Dharwad,Not Applicable
Karnataka,Dharwad-REVENUE,RTI_Online_Karnataka,Dharwad,Not Applicable
Karnataka,Dharwad-Rural Development and Panchayat Raj - RDPR(Z.P),RTI_Online_Karnataka,Dharwad,NA
Karnataka,Dharwad-Urban Development Cell - DUDC,RTI_Online_Karnataka,Dharwad,Not Applicable
Karnataka,"Director General of Police, CID, Special Units & Economic Offences, Bengaluru.",RTI_Online_Karnataka,NA,Not Applicable
Karnataka,"Director General of Police, Recruitment Office",RTI_Online_Karnataka,NA,Not Applicable
Karnataka,Directorate Of Command Area Development Authorities (CADA),RTI_Online_Karnataka,NA,Not Applicable
Karnataka,Directorate Of Fisheries,RTI_Online_Karnataka,NA,Not Applicable
Karnataka,Directorate Of Horticulture Department,RTI_Online_Karnataka,NA,Not Applicable
Karnataka,Directorate Of Minorities,RTI_Online_Karnataka,NA,Not Applicable
Karnataka,Directorate of Ayush,RTI_Online_Karnataka,NA,Not Applicable
Karnataka,Directorate of Child Protection,RTI_Online_Karnataka,NA,Not Applicable
Karnataka,Directorate of E.S.I.S. Medical Services,RTI_Online_Karnataka,NA,Not Applicable
Karnataka,Directorate of Economics and Statistics,RTI_Online_Karnataka,NA,Not Applicable
Karnataka,Directorate of Empowerment of Differently Abled and Senior Citizens,RTI_Online_Karnataka,NA,Not Applicable
Karnataka,Directorate of Groundwater,RTI_Online_Karnataka,NA,Not Applicable
Karnataka,Directorate of Industries and commerce,RTI_Online_Karnataka,NA,Not Applicable
Karnataka,Directorate of Mines and Geology,RTI_Online_Karnataka,,
Karnataka,Directorate of Municipal Administration,RTI_Online_Karnataka,NA,Not Applicable
Karnataka,Directorate of Pension Small Savings and Asset Liability Monitoring,RTI_Online_Karnataka,NA,Not Applicable
Karnataka,Directorate of Tourism Department,RTI_Online_Karnataka,NA,Not Applicable
Karnataka,Directorate of Translations,RTI_Online_Karnataka,NA,Not Applicable
Karnataka,Directorate of Women and Child Development,RTI_Online_Karnataka,NA,Not Applicable
Karnataka,Directorate of eITBT and S&T,RTI_Online_Karnataka,NA,Not Applicable
Karnataka,Directorate of sainik Welfare and Resettlement,RTI_Online_Karnataka,NA,Not Applicable
Karnataka,"District Consumer Disputes and Redressal Commission, Dharwad",RTI_Online_Karnataka,NA,Not Applicable
Karnataka,"District Police office, Karnataka State Railway Police, K.S.R Railway Station",RTI_Online_Karnataka,NA,Not Applicable
Karnataka,Dr. B.R Ambedkar Research Institute,RTI_Online_Karnataka,NA,Not Applicable
Karnataka,Dr. H. Narasimhaiah Sub-Regional Science Centre,RTI_Online_Karnataka,Bengaluru Urban,Not Applicable
Karnataka,Environmental Management and Policy Research Institute,RTI_Online_Karnataka,NA,Not Applicable
Karnataka,Fiscal Policy Institute,RTI_Online_Karnataka,NA,Not Applicable
Karnataka,Forest Ecology and Environment dept - Karnataka Biodiversity Board,RTI_Online_Karnataka,NA,Not Applicable
Karnataka,Gadag - District Court,RTI_Online_Karnataka,Gadag,
Karnataka,Gadag - District Institute for Education and Training (DIET),RTI_Online_Karnataka,Gadag,Not Applicable
Karnataka,Gadag - District Training Institute,RTI_Online_Karnataka,Gadag,Not Applicable
Karnataka,"Gadag - Office of The Assistant Director, Department of Information and Public Relations",RTI_Online_Karnataka,Gadag,Not Applicable
Karnataka,"Gadag - Office of The Deputy Commissioner, Department of Excise",RTI_Online_Karnataka,Gadag,Not Applicable
Karnataka,"Gadag - Office of The Deputy Director, Department of Animal Husbandry and Veterinary Services",RTI_Online_Karnataka,Gadag,Not Applicable
Karnataka,"Gadag - Office of The Deputy Director, Department of Pre University Education",RTI_Online_Karnataka,Gadag,Not Applicable
Karnataka,"Gadag - Office of The Deputy Director, District Treasury",RTI_Online_Karnataka,Gadag,Not Applicable
Karnataka,Gadag - Office of The District Health and Family Welfare Officer,RTI_Online_Karnataka,Gadag,Not Applicable
Karnataka,"Gadag - Office of The District Skill Development Officer, Skill Development Department",RTI_Online_Karnataka,Gadag,Not Applicable
Karnataka,"Gadag - Office of The District officer, Minority Welfare Department",RTI_Online_Karnataka,Gadag,Not Applicable
Karnataka,"Gadag - Office of The Drug Control Officer, Deparment of Drugs Control",RTI_Online_Karnataka,Gadag,Not Applicable
Karnataka,"Gadag - Office of The Joint Director, District Industrial Centre, Dept of Industries and Commerce",RTI_Online_Karnataka,Gadag,Not Applicable
Karnataka,"Gadag - Office of The Registrar of Co-operative Societies, Department of Co-operation",RTI_Online_Karnataka,Gadag,Not Applicable
Karnataka,"Gadag - Office of the Assistant Director, Department of Youth Empowerment and Sports",RTI_Online_Karnataka,Gadag,Not Applicable
Karnataka,"Gadag - Office of the Deputy Director, Department of Handlooms and Textiles",RTI_Online_Karnataka,Gadag,Not Applicable
Karnataka,"Gadag - Office of the Deputy Director, Department of Women and Child Development",RTI_Online_Karnataka,Gadag,Not Applicable
Karnataka,"Gadag - Office of the District Office, Department of Backward Classes Welfare",RTI_Online_Karnataka,Gadag,Not Applicable
Karnataka,"Gadag - Office of the Joint Director, Department of Agriculture",RTI_Online_Karnataka,Gadag,Not Applicable
Karnataka,"Gadag - Office of the Senior Geologist, Department of Mines and Geology",RTI_Online_Karnataka,Gadag,Not Applicable
Karnataka,"Gadag - Regional Office, Karnataka State Pollution Control Board",RTI_Online_Karnataka,Gadag,Not Applicable
Karnataka,Gadag- Gadag Institute of Medical Sciences,RTI_Online_Karnataka,Gadag,Not Applicable
Karnataka,"Gadag- Office of The Assistant Executive Engineer, Karnataka Slum Development Board",RTI_Online_Karnataka,Gadag,Not Applicable
Karnataka,"Gadag- Office of The Chief Librarian, District Central Library, Department of Public Library",RTI_Online_Karnataka,Gadag,Not Applicable
Karnataka,"Gadag- Office of The Deputy Conservator of forest, Social Forestry Division",RTI_Online_Karnataka,Gadag,
Karnataka,"Gadag- Office of The Deputy Director, Department of Public Instruction",RTI_Online_Karnataka,Gadag,Not Applicable
Karnataka,"Gadag- Office of The Executive Engineer ,Karnataka Urban Water Supply and Drainage Board",RTI_Online_Karnataka,Gadag,Not Applicable
Karnataka,Gadag- Office of The Superintendent of Police,RTI_Online_Karnataka,Gadag,Not Applicable
Karnataka,Gadag-Betigeri-Rural Development and Panchayat Raj - RDPR(T.P),RTI_Online_Karnataka,Gadag,Betigeri
Karnataka,Gadag-Deputy Director of Land Records-DDLR,RTI_Online_Karnataka,Gadag,Not Applicable
Karnataka,Gadag-District Consumer disputes Redressal commission,RTI_Online_Karnataka,Gadag,Not Applicable
Karnataka,Gadag-District Registrar - DR,RTI_Online_Karnataka,Gadag,Not Applicable
Karnataka,Gadag-Food and Civil Supplies - FCS,RTI_Online_Karnataka,Gadag,Not Applicable
Karnataka,Gadag-Gadag-Rural Development and Panchayat Raj - RDPR(T.P),RTI_Online_Karnataka,Gadag,Gadag
Karnataka,Gadag-Gajendragad-Rural Development and Panchayat Raj - RDPR(T.P),RTI_Online_Karnataka,Gadag,Gajendragad
Karnataka,Gadag-LABOUR,RTI_Online_Karnataka,Gadag,Not Applicable
Karnataka,Gadag-Lakshmeshwar-Rural Development and Panchayat Raj - RDPR(T.P),RTI_Online_Karnataka,Gadag,Lakshmeshwar
Karnataka,Gadag-Mundargi-Rural Development and Panchayat Raj - RDPR(T.P),RTI_Online_Karnataka,Gadag,Mundargi
Karnataka,Gadag-Nargund-Rural Development and Panchayat Raj - RDPR(T.P),RTI_Online_Karnataka,Gadag,Nargund
Karnataka,"Gadag-Office of The Assistant Director, Agricultural Marketing Department",RTI_Online_Karnataka,Gadag,Not Applicable
Karnataka,Gadag-Public Works Department - PWD,RTI_Online_Karnataka,Gadag,Not Applicable
Karnataka,Gadag-REVENUE,RTI_Online_Karnataka,Gadag,Not Applicable
Karnataka,Gadag-Rona-Rural Development and Panchayat Raj - RDPR(T.P),RTI_Online_Karnataka,Gadag,Rona
Karnataka,Gadag-Rural Development and Panchayat Raj - RDPR(Z.P),RTI_Online_Karnataka,Gadag,NA
Karnataka,Gadag-Shirhatti-Rural Development and Panchayat Raj - RDPR(T.P),RTI_Online_Karnataka,Gadag,Shirhatti
Karnataka,Gadag-Urban Development Cell - DUDC,RTI_Online_Karnataka,Gadag,Not Applicable
Karnataka,Government Tool Room & Training Centre,RTI_Online_Karnataka,State Level / Not Applicable,Not Applicable
Karnataka,Gulbarga Electricity Supply Company Limited (GESCOM),RTI_Online_Karnataka,GESCOM,Not Applicable
Karnataka,"HESCOM - Corporate Office, Hubballi",RTI_Online_Karnataka,NA,Not Applicable
Karnataka,"HESCOM - O & M Circle, Bagalkot (Bagalkot dist)",RTI_Online_Karnataka,Bagalkot,Not Applicable
Karnataka,"HESCOM - O & M Circle, Chikkodi ( Chikkodi,Athani,Raibag,Nippani,Kagawad)",RTI_Online_Karnataka,Chikkodi,Not Applicable
Karnataka,"HESCOM - O & M Circle, Gadag ( Gadag dist)",RTI_Online_Karnataka,Gadag,Not Applicable
Karnataka,"HESCOM - O & M Circle, Haveri (Haveri dist)",RTI_Online_Karnataka,Haveri,Not Applicable
Karnataka,"HESCOM - O & M Circle, Hubballi (Dharwad dist)",RTI_Online_Karnataka,Hubballi,Not Applicable
Karnataka,"HESCOM - O & M Circle, Sirsi (Uttarakannada)",RTI_Online_Karnataka,sirsi,Not Applicable
Karnataka,"HESCOM - O & M Circle, Vijayapura (Vijayapura dist)",RTI_Online_Karnataka,vijayapura,Not Applicable
Karnataka,"HESCOM- Vigilance (Dharwad,Gadag,Haveri,Uttara kannada,Belagavi,Vijayapur & Bagalkot)",RTI_Online_Karnataka,NA,Not Applicable
Karnataka,"HESCOM-O&M Circle, Belagavi(Belagavi,Bailahongal,Gokak,Khanapur,Kittur,Mudalagi,Ramdurg,Soudatti)",RTI_Online_Karnataka,Belagavi,Not Applicable
Karnataka,Hampi World Heritage Area Management Authority,RTI_Online_Karnataka,State Level / Not Applicable,Not Applicable
Karnataka,Hassan - Department Of Handlooms And Textiles,RTI_Online_Karnataka,Hassan,Not Applicable
Karnataka,Hassan - District Consumer Disputes Redressal Commission,RTI_Online_Karnataka,Hassan,Not Applicable
Karnataka,Hassan - District Court,RTI_Online_Karnataka,Hassan,
Karnataka,Hassan - District Health And Family Welfare Office,RTI_Online_Karnataka,Hassan,Not Applicable
Karnataka,Hassan - District Institute for Education and Training (DIET),RTI_Online_Karnataka,Hassan,Not Applicable
Karnataka,Hassan - District Training Institute,RTI_Online_Karnataka,Hassan,Not Applicable
Karnataka,Hassan - Hassan Institute Of Medical Sciences,RTI_Online_Karnataka,Hassan,Not Applicable
Karnataka,Hassan - Industrial Training And Employment Office,RTI_Online_Karnataka,Hassan,Not Applicable
Karnataka,Hassan - Karnataka Maharshi Valmiki Scheduled Tribes Development Corporation Ltd,RTI_Online_Karnataka,Hassan,Not Applicable
Karnataka,Hassan - Karnataka State Khadi And Village Industries Board,RTI_Online_Karnataka,Hassan,Not Applicable
Karnataka,Hassan - Karnataka State Pollution Control Board,RTI_Online_Karnataka,Hassan,Not Applicable
Karnataka,Hassan - Office of Deputy Director For Sainik Welfare and Rehabilitati,RTI_Online_Karnataka,Hassan,
Karnataka,"Hassan - Office of The District Skill Development Officer, Skill Development Department",RTI_Online_Karnataka,Hassan,Not Applicable
Karnataka,"Hassan - Office of The District officer, Minority Welfare Department",RTI_Online_Karnataka,Hassan,Not Applicable
Karnataka,"Hassan - Office of the Deputy Director, Department of School Education(Pre University)",RTI_Online_Karnataka,Hassan,Not Applicable
Karnataka,"Hassan - Office of the Deputy Director, District Treasury",RTI_Online_Karnataka,Hassan,Not Applicable
Karnataka,"Hassan - Office of the Deputy director, Department Of Agriculture Mark",RTI_Online_Karnataka,Hassan,Not Applicable
Karnataka,"Hassan - Office of the Joint Director, Department of Agriculture",RTI_Online_Karnataka,Hassan,Not Applicable
Karnataka,"Hassan - Office of the assistant director, Kannada And Cultural Depart",RTI_Online_Karnataka,Hassan,Not Applicable
Karnataka,"Hassan - Office of the executive engineer, Karnataka Urban Water Supply",RTI_Online_Karnataka,Hassan,Not Applicable
Karnataka,Hassan - Urban Development Authority,RTI_Online_Karnataka,Hassan,Not Applicable
Karnataka,Hassan - office of deputy director department of social welfare,RTI_Online_Karnataka,Hassan,Not Applicable
Karnataka,"Hassan -Office of the senior assistant director, Department Of Inform",RTI_Online_Karnataka,Hassan,Not Applicable
Karnataka,Hassan Mangalore Rail development Company Limited,RTI_Online_Karnataka,NA,Not Applicable
Karnataka,"Hassan- Office of The Chief Engineer (Electricity),Transmission zone, KPTCL",RTI_Online_Karnataka,Hassan,Not Applicable
Karnataka,"Hassan- Office of The Deputy Director, Department of Public Instruction",RTI_Online_Karnataka,Hassan,Not Applicable
Karnataka,"Hassan- Office of The District Officer, Backward Classes Welfare Department",RTI_Online_Karnataka,Hassan,Not Applicable
Karnataka,"Hassan- Office of The Joint Director, District Industiral Centre",RTI_Online_Karnataka,Hassan,Not Applicable
Karnataka,Hassan- Office of The Superintendent of Police,RTI_Online_Karnataka,Hassan,Not Applicable
Karnataka,"Hassan- Office of the Deputy Director, Dept of Animal Husbandry and Veterinary Services",RTI_Online_Karnataka,Hassan,Not Applicable
Karnataka,Hassan- Urban Development Cell - DUDC,RTI_Online_Karnataka,Hassan,Not Applicable
Karnataka,Hassan-Alur-Rural Development and Panchayat Raj - RDPR(T.P),RTI_Online_Karnataka,Hassan,Alur
Karnataka,Hassan-Arkalgud-Rural Development and Panchayat Raj - RDPR(T.P),RTI_Online_Karnataka,Hassan,Arkalgud
Karnataka,Hassan-Arsikere-Rural Development and Panchayat Raj - RDPR(T.P),RTI_Online_Karnataka,Hassan,Arsikere
Karnataka,Hassan-Belur-Rural Development and Panchayat Raj - RDPR(T.P),RTI_Online_Karnataka,Hassan,Belur
Karnataka,Hassan-Channarayapattana-Rural Development and Panchayat Raj - RDPR(T.P),RTI_Online_Karnataka,Hassan,Channarayapattana
Karnataka,Hassan-Deputy Director of Land Records-DDLR,RTI_Online_Karnataka,Hassan,Not Applicable
Karnataka,Hassan-District Registrar - DR,RTI_Online_Karnataka,Hassan,Not Applicable
Karnataka,Hassan-Food and Civil Supplies - FCS,RTI_Online_Karnataka,Hassan,Not Applicable
Karnataka,Hassan-Hassan-Rural Development and Panchayat Raj - RDPR(T.P),RTI_Online_Karnataka,Hassan,Hassan
Karnataka,Hassan-Holenarsipur-Rural Development and Panchayat Raj - RDPR(T.P),RTI_Online_Karnataka,Hassan,Holenarsipur
Karnataka,Hassan-LABOUR,RTI_Online_Karnataka,Hassan,Not Applicable
Karnataka,Hassan-Office Of The District Statistical Officer,RTI_Online_Karnataka,Hassan,Not Applicable
Karnataka,Hassan-Office Of The Executive Engineer Minor Irrigation And Ground Water Development Division,RTI_Online_Karnataka,Hassan,Not Applicable
Karnataka,"Hassan-Office of The Deputy Conservator Of Forest, Territorial Division",RTI_Online_Karnataka,Hassan,
Karnataka,"Hassan-Office of the Deputy Director, Department of Women and Child Development",RTI_Online_Karnataka,Hassan,Not Applicable
Karnataka,Hassan-Public Works Department - PWD,RTI_Online_Karnataka,Hassan,Not Applicable
Karnataka,Hassan-REVENUE,RTI_Online_Karnataka,Hassan,Not Applicable
Karnataka,Hassan-Rural Development and Panchayat Raj - RDPR(Z.P),RTI_Online_Karnataka,Hassan,NA
Karnataka,Hassan-Sakleshpur-Rural Development and Panchayat Raj - RDPR(T.P),RTI_Online_Karnataka,Hassan,Sakleshpur
Karnataka,Haveri - District Consumer Disputes Redressal Commission,RTI_Online_Karnataka,Haveri,Not Applicable
Karnataka,Haveri - District Court,RTI_Online_Karnataka,Haveri,
Karnataka,Haveri - District Training Institute,RTI_Online_Karnataka,Haveri,Not Applicable
Karnataka,Haveri - Haveri Institute of Medical Sciences,RTI_Online_Karnataka,Haveri,Not Applicable
Karnataka,Haveri - Karnataka Maharshi Valmiki Scheduled Tribes Development Corporation Ltd,RTI_Online_Karnataka,Haveri,Not Applicable
Karnataka,"Haveri - Office of The District Skill Development Officer, Skill Development Department",RTI_Online_Karnataka,Haveri,Not Applicable
Karnataka,"Haveri - Office of The District Surgeon, District Hospital",RTI_Online_Karnataka,Haveri,Not Applicable
Karnataka,"Haveri - Office of The Joint Director, Department of Horticulture",RTI_Online_Karnataka,Haveri,Not Applicable
Karnataka,"Haveri - Office of The Joint Director, District Industrial Centre, Dept of Industries and Commerce",RTI_Online_Karnataka,Haveri,Not Applicable
Karnataka,"Haveri - Office of the Deputy Director, Department of Women and Child Welfare",RTI_Online_Karnataka,Haveri,Not Applicable
Karnataka,"Haveri - Office of the Deputy Director, District Treasury",RTI_Online_Karnataka,Haveri,Not Applicable
Karnataka,"Haveri -Office of The Assistant Director, Department of Agricultural Marketing",RTI_Online_Karnataka,Haveri,Not Applicable
Karnataka,Haveri- Office of The Assistant Director Department of Tourism,RTI_Online_Karnataka,Haveri,Not Applicable
Karnataka,"Haveri- Office of The Assistant Director, Department of Youth Empowerment and Sports",RTI_Online_Karnataka,Haveri,Not Applicable
Karnataka,"Haveri- Office of The Chief Librarian, District Central Library, Deparment of Public Library",RTI_Online_Karnataka,Haveri,Not Applicable
Karnataka,"Haveri- Office of The Deputy Commissioner, Department of Excise",RTI_Online_Karnataka,Haveri,Not Applicable
Karnataka,"Haveri- Office of The Deputy Conservator of Forest, Social Forestry Division",RTI_Online_Karnataka,Haveri,
Karnataka,"Haveri- Office of The Deputy Director, Department of Handlooms and Textiles",RTI_Online_Karnataka,Haveri,Not Applicable
Karnataka,Haveri- Office of The District Health and Family Welfare Officer,RTI_Online_Karnataka,Haveri,Not Applicable
Karnataka,"Haveri- Office of The District Officer, Backward Class Welfare Department",RTI_Online_Karnataka,Haveri,Not Applicable
Karnataka,"Haveri- Office of The District Officer, Minority Welfare Department",RTI_Online_Karnataka,Haveri,Not Applicable
Karnataka,Haveri- Office of The Superintendent of Police,RTI_Online_Karnataka,Haveri,Not Applicable
Karnataka,"Haveri- Office of the District Differently Abled Welfare officer, Department for The Empowerment of",RTI_Online_Karnataka,Haveri,Not Applicable
Karnataka,Haveri-Byadgi-Rural Development and Panchayat Raj-RDPR(T.P),RTI_Online_Karnataka,Haveri,Byadgi
Karnataka,Haveri-Deputy Director of Land Records-DDLR,RTI_Online_Karnataka,Haveri,Not Applicable
Karnataka,Haveri-District Registrar - DR,RTI_Online_Karnataka,Haveri,Not Applicable
Karnataka,Haveri-Food and Civil Supplies - FCS,RTI_Online_Karnataka,Haveri,Not Applicable
Karnataka,Haveri-Hangal-Rural Development and Panchayat Raj - RDPR(T.P),RTI_Online_Karnataka,Haveri,Hangal
Karnataka,Haveri-Haveri-Rural Development and Panchayat Raj - RDPR(T.P),RTI_Online_Karnataka,Haveri,Haveri
Karnataka,Haveri-Hirekerur-Rural Development and Panchayat Raj - RDPR(T.P),RTI_Online_Karnataka,Haveri,Hirekerur
Karnataka,Haveri-LABOUR,RTI_Online_Karnataka,Haveri,Not Applicable
Karnataka,"Haveri-Office of The Deputy Director, Fisheries Department",RTI_Online_Karnataka,Haveri,Not Applicable
Karnataka,Haveri-Office of the Deputy Director of Public Instruction,RTI_Online_Karnataka,Haveri,Not Applicable
Karnataka,"Haveri-Office of the Joint Director, Department of Agriculture",RTI_Online_Karnataka,Haveri,Not Applicable
Karnataka,Haveri-Public Works Department - PWD,RTI_Online_Karnataka,Haveri,Not Applicable
Karnataka,Haveri-REVENUE,RTI_Online_Karnataka,Haveri,Not Applicable
Karnataka,Haveri-Ranibennur-Rural Development and Panchayat Raj - RDPR(T.P),RTI_Online_Karnataka,Haveri,Ranibennur
Karnataka,Haveri-Rattihalli-Rural Development and Panchayat Raj - RDPR(T.P),RTI_Online_Karnataka,Haveri,Rattihalli
Karnataka,Haveri-Rural Development and Panchayat Raj - RDPR(Z.P),RTI_Online_Karnataka,Haveri,NA
Karnataka,Haveri-Savanur-Rural Development and Panchayat Raj - RDPR(T.P),RTI_Online_Karnataka,Haveri,Savanur
Karnataka,Haveri-Shiggaon-Rural Development and Panchayat Raj - RDPR(T.P),RTI_Online_Karnataka,Haveri,Shiggaon
Karnataka,Haveri-Urban Development Cell - DUDC,RTI_Online_Karnataka,Haveri,Not Applicable
Karnataka,High Court of Karnataka,RTI_Online_Karnataka,NA,Not Applicable
Karnataka,"High Court of Karnataka Dharwad Bench, HCK",RTI_Online_Karnataka,NA,Not Applicable
Karnataka,"High Court of Karnataka Kalaburagi Bench, HCK",RTI_Online_Karnataka,NA,Not Applicable
Karnataka,Home Guards and Civil Defence Department,RTI_Online_Karnataka,NA,Not Applicable
Karnataka,Hospete - Urban Development Authority,RTI_Online_Karnataka,Hospete,Not Applicable
Karnataka,"Hubbali - Office of the Deputy Director, District Treasury",RTI_Online_Karnataka,Hubbali,Not Applicable
Karnataka,Hubballi Dharwad - Urban Development Authority,RTI_Online_Karnataka,Hubballi Dharwad,Not Applicable
Karnataka,Ilkal Town Planning Authority,RTI_Online_Karnataka,NA,Not Applicable
Karnataka,Indira Gandhi Centre for Career Development,RTI_Online_Karnataka,NA,Not Applicable
Karnataka,Indira Gandhi Institute Of Child Health,RTI_Online_Karnataka,NA,Not Applicable
Karnataka,"Inspector General Of Police, Water Resources Dept, Vigilence",RTI_Online_Karnataka,NA,Not Applicable
Karnataka,Jawaharlal Nehru Planetarium,RTI_Online_Karnataka,NA,Not Applicable
Karnataka,"Joint Director, State Huzur Treasury Office, Bengaluru",RTI_Online_Karnataka,NA,Not Applicable
Karnataka,Jungle Lodges and Resorts limited,RTI_Online_Karnataka,NA,Not Applicable
Karnataka,K.G.F - Urban Development Authority,RTI_Online_Karnataka,NA,Not Applicable
Karnataka,KARNATAKA INSTITUTE FOR LAW AND PARLIAMENTARY REFORM,RTI_Online_Karnataka,NA,Not Applicable
Karnataka,KSRTC Kempegowda Bus Station,RTI_Online_Karnataka,NA,Not Applicable
Karnataka,KSRTC Regional training Institute Chikkamagaluru,RTI_Online_Karnataka,NA,Not Applicable
Karnataka,KSRTC Regional training Institute Hassan,RTI_Online_Karnataka,NA,Not Applicable
Karnataka,KSRTC Regional training Institute Malavalli,RTI_Online_Karnataka,NA,Not Applicable
Karnataka,KSRTC Regionl Workshop Hassan,RTI_Online_Karnataka,NA,Not Applicable
Karnataka,KSRTC Regionl Workshop Kengeri,RTI_Online_Karnataka,NA,Not Applicable
Karnataka,"KSRTC, Bangalore Central Division",RTI_Online_Karnataka,NA,Not Applicable
Karnataka,"KSRTC, Chamarajanagara Division",RTI_Online_Karnataka,NA,Not Applicable
Karnataka,"KSRTC, Chikkaballapura Division",RTI_Online_Karnataka,NA,Not Applicable
Karnataka,"KSRTC, Chikkamagaluru Division",RTI_Online_Karnataka,NA,Not Applicable
Karnataka,"KSRTC, Chitradurga Division",RTI_Online_Karnataka,NA,Not Applicable
Karnataka,"KSRTC, Davanagere Division",RTI_Online_Karnataka,NA,Not Applicable
Karnataka,"KSRTC, Hassan Division",RTI_Online_Karnataka,NA,Not Applicable
Karnataka,"KSRTC, Kolar Division",RTI_Online_Karnataka,NA,Not Applicable
Karnataka,"KSRTC, Mandya Division",RTI_Online_Karnataka,NA,Not Applicable
Karnataka,"KSRTC, Mangalore Division",RTI_Online_Karnataka,NA,Not Applicable
Karnataka,"KSRTC, Mysuru Urban Division",RTI_Online_Karnataka,NA,Not Applicable
Karnataka,"KSRTC, Puttur Division",RTI_Online_Karnataka,NA,Not Applicable
Karnataka,"KSRTC, Ramanagar Division",RTI_Online_Karnataka,NA,Not Applicable
Karnataka,"KSRTC,Central Tarining Institute , Malur",RTI_Online_Karnataka,NA,Not Applicable
Karnataka,"KSRTC,Mysuru Rural Division",RTI_Online_Karnataka,NA,Not Applicable
Karnataka,"KSRTC,Shivamogga Division",RTI_Online_Karnataka,NA,Not Applicable
Karnataka,"KSRTC,Tumakuru Division",RTI_Online_Karnataka,NA,Not Applicable
Karnataka,"Kalaburagi - Command Area Development Authorities (CADA) ,Irrigation",RTI_Online_Karnataka,Kalaburagi,Not Applicable
Karnataka,Kalaburagi - District Court,RTI_Online_Karnataka,Kalaburagi,
Karnataka,Kalaburagi - District Training Institute,RTI_Online_Karnataka,Kalaburagi,Not Applicable
Karnataka,"Kalaburagi - Joint Director of Town and Country Planning, Divisional Office",RTI_Online_Karnataka,Kalaburagi,Not Applicable
Karnataka,"Kalaburagi - Office of The Assistant Director, Department of Town and Country Planning",RTI_Online_Karnataka,Kalaburagi,Not Applicable
Karnataka,"Kalaburagi - Office of The District Skill Development Officer, Skill Development Department",RTI_Online_Karnataka,Kalaburagi,Not Applicable
Karnataka,"Kalaburagi - Office of the Deputy Director, District Treasury",RTI_Online_Karnataka,Kalaburagi,Not Applicable
Karnataka,Kalaburagi - Office of the District Health and Family Welfare Officer,RTI_Online_Karnataka,Kalaburagi,
Karnataka,"Kalaburagi - Office of the District Office, Department of Backward Classes Welfare",RTI_Online_Karnataka,Kalaburagi,Not Applicable
Karnataka,"Kalaburagi -Office of The Assistant Director, Department of Agricultural Marketing",RTI_Online_Karnataka,Kalaburagi,Not Applicable
Karnataka,Kalaburagi- District Consumer Disputes Redressal commission,RTI_Online_Karnataka,Kalaburagi,Not Applicable
Karnataka,Kalaburagi- Dr.B.R.Ambedkar Development Corporation Limited,RTI_Online_Karnataka,Kalaburagi,Not Applicable
Karnataka,Kalaburagi- Gulbarga Insititue of Medical Science,RTI_Online_Karnataka,Kalaburagi,Not Applicable
Karnataka,Kalaburagi- Karnataka Rural Infrastructure Development Limited,RTI_Online_Karnataka,Kalaburagi,Not Applicable
Karnataka,"Kalaburagi- Office of The Assistant Executive Engineer, Karnataka Slum Development Board",RTI_Online_Karnataka,Kalaburagi,Not Applicable
Karnataka,"Kalaburagi- Office of The Chief Engineer (Electricity),Transmission zone, KPTCL",RTI_Online_Karnataka,Kalaburagi,Not Applicable
Karnataka,"Kalaburagi- Office of The Deputy Director, Department of Animal Husbandry and Veterinary Services",RTI_Online_Karnataka,Kalaburagi,Not Applicable
Karnataka,"Kalaburagi- Office of The Deputy Director, Department of Horticulture",RTI_Online_Karnataka,Kalaburagi,Not Applicable
Karnataka,"Kalaburagi- Office of The Deputy Director, Department of Mines and Geology",RTI_Online_Karnataka,Kalaburagi,Not Applicable
Karnataka,"Kalaburagi- Office of The Deputy Director, Department of Pre University Education",RTI_Online_Karnataka,Kalaburagi,Not Applicable
Karnataka,"Kalaburagi- Office of The District Commandant , Home Gaurds Department",RTI_Online_Karnataka,Kalaburagi,Not Applicable
Karnataka,"Kalaburagi- Office of The District Statistical Officer, Department of Statistics",RTI_Online_Karnataka,Kalaburagi,Not Applicable
Karnataka,"Kalaburagi- Office of The Joint Commissioner, Commercial Taxes Department",RTI_Online_Karnataka,Kalaburagi,Not Applicable
Karnataka,"Kalaburagi- Office of The Joint Director,District Industrial Centre, Dept of Industries and Commerce",RTI_Online_Karnataka,Kalaburagi,Not Applicable
Karnataka,"Kalaburagi- Office of The Regional Joint Director, Department of Collegiate Education",RTI_Online_Karnataka,Kalaburagi,Not Applicable
Karnataka,"Kalaburagi- Office of The Regional Transport Officer, Department of Transport",RTI_Online_Karnataka,Kalaburagi,
Karnataka,Kalaburagi- Office of The Superintendent of Police,RTI_Online_Karnataka,Kalaburagi,Not Applicable
Karnataka,"Kalaburagi- Office of the Deputy Director, Department of Archeology, Museums and Heritage",RTI_Online_Karnataka,Kalaburagi,Not Applicable
Karnataka,"Kalaburagi- Office of the Deputy Director, Department of Women and Child Development",RTI_Online_Karnataka,Kalaburagi,Not Applicable
Karnataka,"Kalaburagi- Regional Office, Karnataka State Pollution Control Board",RTI_Online_Karnataka,Kalaburagi,Not Applicable
Karnataka,"Kalaburagi- Superintending Engineer, Department of Minor Irrigation and Groundwater Development",RTI_Online_Karnataka,Kalaburagi,Not Applicable
Karnataka,Kalaburagi-Afzalpur-Rural Development and Panchayat Raj-RDPR(T.P),RTI_Online_Karnataka,Kalaburagi,Afzalpur
Karnataka,Kalaburagi-Aland-Rural Development and Panchayat Raj-RDPR(T.P),RTI_Online_Karnataka,Kalaburagi,Aland
Karnataka,Kalaburagi-Chincholi-Rural Development and Panchayat Raj-RDPR(T.P),RTI_Online_Karnataka,Kalaburagi,Chincholi
Karnataka,Kalaburagi-Chitapur-Rural Development and Panchayat Raj-RDPR(T.P),RTI_Online_Karnataka,Kalaburagi,Chitapur
Karnataka,Kalaburagi-City Corporation,RTI_Online_Karnataka,Kalaburagi,Not Applicable
Karnataka,Kalaburagi-Department of Electrical Inspectorate,RTI_Online_Karnataka,Kalaburagi,Not Applicable
Karnataka,Kalaburagi-Deputy Director of Land Records-DDLR,RTI_Online_Karnataka,Kalaburagi,Not Applicable
Karnataka,Kalaburagi-Food and Civil Supplies - FCS,RTI_Online_Karnataka,Kalaburagi,Not Applicable
Karnataka,Kalaburagi-Jevargi-Rural Development and Panchayat Raj-RDPR(T.P),RTI_Online_Karnataka,Kalaburagi,Jevargi
Karnataka,Kalaburagi-Kalaburagi-Rural Development and Panchayat Raj - RDPR(T.P),RTI_Online_Karnataka,Kalaburagi,Kalaburagi
Karnataka,Kalaburagi-Kalagi-Rural Development and Panchayat Raj-RDPR(T.P),RTI_Online_Karnataka,Kalaburagi,Kalagi
Karnataka,Kalaburagi-LABOUR,RTI_Online_Karnataka,Kalaburagi,Not Applicable
Karnataka,"Kalaburagi-Office of the Deputy Director, Regional Forensic Science laboratory",RTI_Online_Karnataka,Kalaburagi,Not Applicable
Karnataka,Kalaburagi-Office of the Joint Registrar of Cooperative Societies,RTI_Online_Karnataka,Kalaburagi,Not Applicable
Karnataka,Kalaburagi-Public Works Department - PWD,RTI_Online_Karnataka,Kalaburagi,Not Applicable
Karnataka,Kalaburagi-REVENUE,RTI_Online_Karnataka,Kalaburagi,Not Applicable
Karnataka,Kalaburagi-Rural Development and Panchayat Raj - RDPR(Z.P),RTI_Online_Karnataka,Kalaburagi,NA
Karnataka,Kalaburagi-Sedam-Rural Development and Panchayat Raj-RDPR(T.P),RTI_Online_Karnataka,Kalaburagi,Sedam
Karnataka,"Kalaburagi-Senior Geologist,District Groundwater Office,Groundwater Directorate",RTI_Online_Karnataka,Kalaburagi,
Karnataka,Kalaburagi-Shahbad-Rural Development and Panchayat Raj-RDPR(T.P),RTI_Online_Karnataka,Kalaburagi,Shahbad
Karnataka,Kalaburagi-Urban Development Cell - DUDC,RTI_Online_Karnataka,Kalaburagi,Not Applicable
Karnataka,Kalaburagi-Yedrami-Rural Development and Panchayat Raj-RDPR(T.P),RTI_Online_Karnataka,Kalaburagi,Yedrami
Karnataka,Kalaburgi- Karnataka Urban Water Supply and Sewage Board,RTI_Online_Karnataka,Kalaburgi,Not Applicable
Karnataka,"Kalaburgi- Office of the Joint Director, Department of Agriculture",RTI_Online_Karnataka,Kalaburgi,Not Applicable
Karnataka,Kalaburgi-District Registrar - DR,RTI_Online_Karnataka,Kalaburgi,Not Applicable
Karnataka,Kalyana Karnataka Region Development Board(KKRDB),RTI_Online_Karnataka,NA,Not Applicable
Karnataka,Kalyana Karnataka Road Transport Corporation(KKRTC),RTI_Online_Karnataka,NA,Not Applicable
Karnataka,Kannada Development Authority,RTI_Online_Karnataka,NA,Not Applicable
Karnataka,"Kannada University, Hampi",RTI_Online_Karnataka,NA,Not Applicable
Karnataka,Kapu Planning Authority,RTI_Online_Karnataka,NA,Not Applicable
Karnataka,Karnataka Aadijambava development corporation,RTI_Online_Karnataka,NA,Not Applicable
Karnataka,Karnataka Arya Vysya Community Development Corporation (KACDC),RTI_Online_Karnataka,NA,Not Applicable
Karnataka,Karnataka Bhovi Development Corporation,RTI_Online_Karnataka,NA,Not Applicable
Karnataka,Karnataka Board of Homeopathic System of Medicine,RTI_Online_Karnataka,NA,Not Applicable
Karnataka,Karnataka Border Area Development Authority,RTI_Online_Karnataka,NA,Not Applicable
Karnataka,Karnataka Building And Other Construction Workers Welfare Board,RTI_Online_Karnataka,NA,Not Applicable
Karnataka,Karnataka Council for Technological Upgradation,RTI_Online_Karnataka,NA,Not Applicable
Karnataka,Karnataka Electricity Regulatory Commission,RTI_Online_Karnataka,NA,Not Applicable
Karnataka,Karnataka Examinations Authority,RTI_Online_Karnataka,NA,Not Applicable
Karnataka,Karnataka Exhibition Authority,RTI_Online_Karnataka,NA,Not Applicable
Karnataka,Karnataka Folklore University,RTI_Online_Karnataka,NA,Not Applicable
Karnataka,Karnataka Gazetteer Department,RTI_Online_Karnataka,Karnataka Gazetteer Department,
Karnataka,Karnataka Government Insurance Department,RTI_Online_Karnataka,NA,Not Applicable
Karnataka,Karnataka Government Secretariat Training Institute (KGSTI),RTI_Online_Karnataka,NA,Not Applicable
Karnataka,Karnataka Housing Board,RTI_Online_Karnataka,NA,Not Applicable
Karnataka,Karnataka Industrial Areas Development Board (KIADB),RTI_Online_Karnataka,NA,Not Applicable
Karnataka,Karnataka Information Commission,RTI_Online_Karnataka,NA,Not Applicable
Karnataka,Karnataka Innovation and Technology Society (KITS),RTI_Online_Karnataka,NA,Not Applicable
Karnataka,Karnataka Institute of Endocrinology and Research,RTI_Online_Karnataka,NA,Not Applicable
Karnataka,Karnataka Institute of Leather and Fashion Technology,RTI_Online_Karnataka,NA,Not Applicable
Karnataka,"Karnataka Judicial Academy, HCK",RTI_Online_Karnataka,NA,Not Applicable
Karnataka,Karnataka Legislative Assembly Secretariat,RTI_Online_Karnataka,NA,Not Applicable
Karnataka,Karnataka Legislative Council Secretariat,RTI_Online_Karnataka,NA,Not Applicable
Karnataka,Karnataka Lokayukta,RTI_Online_Karnataka,NA,Not Applicable
Karnataka,Karnataka Lokayukta Police,RTI_Online_Karnataka,NA,Not Applicable
Karnataka,Karnataka Maharshi Valmiki Scheduled Tribes Development Corporation Ltd,RTI_Online_Karnataka,NA,Not Applicable
Karnataka,"Karnataka Maratha communities Development Corporation Ltd, Bengaluru",RTI_Online_Karnataka,NA,Not Applicable
Karnataka,Karnataka Mining Environment Restoration Corporation,RTI_Online_Karnataka,NA,Not Applicable
Karnataka,Karnataka Minorities Development Corporation Ltd,RTI_Online_Karnataka,NA,Not Applicable
Karnataka,Karnataka Power Corporation Limited,RTI_Online_Karnataka,NA,Not Applicable
Karnataka,Karnataka Power Transmission Corporation Limited-KPTCL,RTI_Online_Karnataka,NA,Not Applicable
Karnataka,Karnataka Prisons and Correctional Services,RTI_Online_Karnataka,NA,Not Applicable
Karnataka,Karnataka Public Lands Corporation Limited,RTI_Online_Karnataka,NA,Not Applicable
Karnataka,Karnataka Public Service Commission,RTI_Online_Karnataka,NA,Not Applicable
Karnataka,Karnataka Real Estate Regulatory Authority,RTI_Online_Karnataka,NA,Not Applicable
Karnataka,Karnataka Renewable Energy Development limited,RTI_Online_Karnataka,NA,Not Applicable
Karnataka,Karnataka Residential Educational Institutions Society,RTI_Online_Karnataka,NA,Not Applicable
Karnataka,Karnataka Samskrit University,RTI_Online_Karnataka,NA,Not Applicable
Karnataka,Karnataka School Examination and Assessment Board,RTI_Online_Karnataka,NA,Not Applicable
Karnataka,"Karnataka School Examination and Assessment Board, Mysuru Division",RTI_Online_Karnataka,,
Karnataka,"Karnataka School Examination and Assessment Board,Belagavi Division",RTI_Online_Karnataka,NA,Not Applicable
Karnataka,Karnataka Science And Technology Academy,RTI_Online_Karnataka,NA,Not Applicable
Karnataka,Karnataka Skill Development Corporation,RTI_Online_Karnataka,NA,Not Applicable
Karnataka,Karnataka Slum Development Board,RTI_Online_Karnataka,NA,Not Applicable
Karnataka,Karnataka Soaps and Detergents Limited,RTI_Online_Karnataka,NA,Not Applicable
Karnataka,"Karnataka State Administrative Tribunal-Belagavi Bench, Belagavi",RTI_Online_Karnataka,NA,Not Applicable
Karnataka,"Karnataka State Administrative Tribunal-Kalaburagi Bench, Kalaburagi",RTI_Online_Karnataka,NA,Not Applicable
Karnataka,"Karnataka State Administrative Tribunal-Principal Bench, Bengaluru",RTI_Online_Karnataka,NA,Not Applicable
Karnataka,Karnataka State Agricultural Produce Processing & Export Corporation L,RTI_Online_Karnataka,NA,Not Applicable
Karnataka,"Karnataka State Akkamahadevi Women University, Vijayapura",RTI_Online_Karnataka,NA,Not Applicable
Karnataka,Karnataka State Archives Department,RTI_Online_Karnataka,NA,Not Applicable
Karnataka,Karnataka State Audit And Accounts Department,RTI_Online_Karnataka,NA,Not Applicable
Karnataka,Karnataka State Beverages Corporation Limited,RTI_Online_Karnataka,NA,Not Applicable
Karnataka,Karnataka State Board of AUQAF,RTI_Online_Karnataka,NA,Not Applicable
Karnataka,Karnataka State Coir Co-Operative Federation Ltd. Bangalore,RTI_Online_Karnataka,NA,Not Applicable
Karnataka,Karnataka State Commission For Backward Classes,RTI_Online_Karnataka,NA,Not Applicable
Karnataka,Karnataka State Commission For Protection of Child Rights,RTI_Online_Karnataka,NA,Not Applicable
Karnataka,Karnataka State Commission for Safai Karmacharis,RTI_Online_Karnataka,NA,Not Applicable
Karnataka,Karnataka State Commission for scheduled castes And Scheduled Tribes,RTI_Online_Karnataka,NA,Not Applicable
Karnataka,Karnataka State Construction Corporation Ltd,RTI_Online_Karnataka,NA,Not Applicable
Karnataka,Karnataka State Consumer Disputes Redressal Commission,RTI_Online_Karnataka,NA,Not Applicable
Karnataka,Karnataka State Consumer Disputes Redressal Commission permanent Circuit Bench Kalaburagi,RTI_Online_Karnataka,NA,Not Applicable
Karnataka,Karnataka State Council for Science and Technology,RTI_Online_Karnataka,NA,Not Applicable
Karnataka,Karnataka State Dr. Gangubhai Hanagal Music and Performing University Mysuru,RTI_Online_Karnataka,NA,Not Applicable
Karnataka,Karnataka State Drug Control Department,RTI_Online_Karnataka,NA,Not Applicable
Karnataka,Karnataka State Electronics Development Corporation Limited (KEONICS),RTI_Online_Karnataka,NA,Not Applicable
Karnataka,Karnataka State Fire and Emergency Services,RTI_Online_Karnataka,NA,Not Applicable
Karnataka,Karnataka State Handicrafts Development Corporation Limited,RTI_Online_Karnataka,NA,Not Applicable
Karnataka,Karnataka State Higher Education council,RTI_Online_Karnataka,NA,Not Applicable
Karnataka,Karnataka State Human rights commission,RTI_Online_Karnataka,NA,Not Applicable
Karnataka,Karnataka State Industrial and Infrastructure Development Corporation Limited,RTI_Online_Karnataka,NA,Not Applicable
Karnataka,Karnataka State Khadi And Village Industries Board,RTI_Online_Karnataka,NA,Not Applicable
Karnataka,Karnataka State Law University Hubballi,RTI_Online_Karnataka,NA,Not Applicable
Karnataka,Karnataka State Minerals Corporation Ltd,RTI_Online_Karnataka,NA,Not Applicable
Karnataka,Karnataka State Natural Disaster Monitoring Centre,RTI_Online_Karnataka,NA,Not Applicable
Karnataka,Karnataka State Open University,RTI_Online_Karnataka,NA,Not Applicable
Karnataka,Karnataka State Remote Sensing Applications Centre,RTI_Online_Karnataka,NA,Not Applicable
Karnataka,Karnataka State Road Transport Corporation(KSRTC),RTI_Online_Karnataka,NA,Not Applicable
Karnataka,Karnataka State Rural Livelihood Promotion Society,RTI_Online_Karnataka,NA,Not Applicable
Karnataka,Karnataka State Safai Karmachari Development Corporation,RTI_Online_Karnataka,NA,Not Applicable
Karnataka,Karnataka State Seed And Organic Certification Agency,RTI_Online_Karnataka,NA,Not Applicable
Karnataka,Karnataka State Seeds Corporation Ltd,RTI_Online_Karnataka,NA,Not Applicable
Karnataka,Karnataka State Teachers Benefit Fund,RTI_Online_Karnataka,NA,Not Applicable
Karnataka,Karnataka State Temperance Board,RTI_Online_Karnataka,NA,Not Applicable
Karnataka,Karnataka State Textile Infrastructure Development Corporation Limited,RTI_Online_Karnataka,NA,Not Applicable
Karnataka,Karnataka State Tourism Development Corporation Ltd.,RTI_Online_Karnataka,NA,Not Applicable
Karnataka,Karnataka State Unorganised Workers Social Security Board,RTI_Online_Karnataka,NA,Not Applicable
Karnataka,Karnataka State pollution Control Board,RTI_Online_Karnataka,NA,Not Applicable
Karnataka,Karnataka Tank Conservation and Development Authority,RTI_Online_Karnataka,NA,Not Applicable
Karnataka,Karnataka Text Book Society,RTI_Online_Karnataka,NA,Not Applicable
Karnataka,Karnataka Thanda Development Corporation Limited,RTI_Online_Karnataka,NA,Not Applicable
Karnataka,Karnataka Udyoga Mitra,RTI_Online_Karnataka,NA,Not Applicable
Karnataka,Karnataka Uppara Development Corporation LTD,RTI_Online_Karnataka,NA,Not Applicable
Karnataka,Karnataka Urdu Academy,RTI_Online_Karnataka,NA,Not Applicable
Karnataka,Karnataka Vidyuth Karkhane Limited,RTI_Online_Karnataka,NA,Not Applicable
Karnataka,Karnataka Vishwakarma Communities Development Corporation Ltd,RTI_Online_Karnataka,NA,Not Applicable
Karnataka,Karnataka Vokkaliga Community Development Corporation Limited,RTI_Online_Karnataka,NA,Not Applicable
Karnataka,Karnataka science and Technology Promotion Society,RTI_Online_Karnataka,NA,Not Applicable
Karnataka,Karnataka state police housing and infrastructure development corporation limited,RTI_Online_Karnataka,NA,Not Applicable
Karnataka,Karntaka State Womens Development Corporation,RTI_Online_Karnataka,NA,Not Applicable
Karnataka,Kidwai Memorial Institute of Oncology,RTI_Online_Karnataka,NA,Not Applicable
Karnataka,Kodagu - District Consumer Disputes Redressal Commission,RTI_Online_Karnataka,Kodagu,Not Applicable
Karnataka,Kodagu - District Court,RTI_Online_Karnataka,Kodagu,
Karnataka,Kodagu - District Institute for Education and Training (DIET),RTI_Online_Karnataka,Kodagu,Not Applicable
Karnataka,"Kodagu - District Training Institute, Madikere",RTI_Online_Karnataka,Kodagu,Not Applicable
Karnataka,"Kodagu - Joint Director office, Commerce and Industries department, Madikeri",RTI_Online_Karnataka,Kodagu,Not Applicable
Karnataka,Kodagu - Karnataka Maharshi Valmiki Scheduled Tribes Development Corporation Ltd,RTI_Online_Karnataka,Kodagu,Not Applicable
Karnataka,"Kodagu - Office of The Deputy Director, Department of Animal Husbandary and Veterinary Services",RTI_Online_Karnataka,Kodagu,Not Applicable
Karnataka,"Kodagu - Office of The Deputy Director, Department of Pre University Education",RTI_Online_Karnataka,Kodagu,Not Applicable
Karnataka,"Kodagu - Office of The Deputy Director, Department of Tourism",RTI_Online_Karnataka,Kodagu,Not Applicable
Karnataka,"Kodagu - Office of The Deputy Director, Fisheries Department(Madikeri)",RTI_Online_Karnataka,Kodagu,Not Applicable
Karnataka,"Kodagu - Office of The District Health and Family Welfare Officer, Madikeri",RTI_Online_Karnataka,Kodagu,Not Applicable
Karnataka,"Kodagu - Office of The District Skill Development Officer, Skill Development Department",RTI_Online_Karnataka,Kodagu,Not Applicable
Karnataka,"Kodagu - Office of The District officer, Minority Welfare Department",RTI_Online_Karnataka,Kodagu,Not Applicable
Karnataka,Kodagu - Office of the Deputy Director (Administration) School Education and Literacy Department,RTI_Online_Karnataka,Kodagu,Not Applicable
Karnataka,"Kodagu - Office of the Deputy Director, District Treasury, Madikeri",RTI_Online_Karnataka,Kodagu,Not Applicable
Karnataka,"Kodagu - Office of the Joint Director, Department Of Agriculture",RTI_Online_Karnataka,Kodagu,Not Applicable
Karnataka,"Kodagu- Office of The Deputy Director, Department of Women and Child Development",RTI_Online_Karnataka,Kodagu,Not Applicable
Karnataka,"Kodagu- Office of The Executive Engineer, Department of Rural Drinking Water and Sanitation",RTI_Online_Karnataka,Kodagu,
Karnataka,"Kodagu- Office of The Senior Geologist, Department of Mines and Geology",RTI_Online_Karnataka,Kodagu,Not Applicable
Karnataka,Kodagu- Office of The Superintendent of Police,RTI_Online_Karnataka,Kodagu,Not Applicable
Karnataka,"Kodagu- Office of the Deputy Director, Department of Social Welfare",RTI_Online_Karnataka,Kodagu,Not Applicable
Karnataka,"Kodagu- Office of the District Officer, Backward Class Welfare Department",RTI_Online_Karnataka,Kodagu,Not Applicable
Karnataka,"Kodagu- Office of the District Statistical Officer, Department of Statistics",RTI_Online_Karnataka,Kodagu,Not Applicable
Karnataka,Kodagu-Deputy Director of Land Records-DDLR,RTI_Online_Karnataka,Kodagu,Not Applicable
Karnataka,Kodagu-District Registrar - DR,RTI_Online_Karnataka,Kodagu,Not Applicable
Karnataka,Kodagu-Food and Civil Supplies - FCS,RTI_Online_Karnataka,Kodagu,Not Applicable
Karnataka,Kodagu-LABOUR,RTI_Online_Karnataka,Kodagu,Not Applicable
Karnataka,Kodagu-Madikeri-Rural Development and Panchayat Raj-RDPR(T.P),RTI_Online_Karnataka,Kodagu,Madikeri
Karnataka,Kodagu-Office of the Assistant Director Department of Agricultural Marketing,RTI_Online_Karnataka,Kodagu,Not Applicable
Karnataka,Kodagu-Public Works Department - PWD,RTI_Online_Karnataka,Kodagu,Not Applicable
Karnataka,Kodagu-REVENUE,RTI_Online_Karnataka,Kodagu,Not Applicable
Karnataka,Kodagu-Rural Development and Panchayat Raj-RDPR(Z.P),RTI_Online_Karnataka,Kodagu,NA
Karnataka,Kodagu-Somvarpet-Rural Development and Panchayat Raj-RDPR(T.P),RTI_Online_Karnataka,Kodagu,Somvarpet
Karnataka,Kodagu-Urban Development Cell - DUDC,RTI_Online_Karnataka,Kodagu,Not Applicable
Karnataka,Kodagu-Virajpet-Rural Development and Panchayat Raj-RDPR(T.P),RTI_Online_Karnataka,Kodagu,Virajpet
Karnataka,Kolar - Department of The Empowerment of diffrently abled and Senior Citizens,RTI_Online_Karnataka,Kolar,Not Applicable
Karnataka,Kolar - District Consumer Disputes Redressal Commission,RTI_Online_Karnataka,Kolar,Not Applicable
Karnataka,Kolar - District Court,RTI_Online_Karnataka,Kolar,
Karnataka,Kolar - District Institute for Education and Training (DIET),RTI_Online_Karnataka,Kolar,Not Applicable
Karnataka,Kolar - District Training Institute,RTI_Online_Karnataka,Kolar,Not Applicable
Karnataka,Kolar - Karnataka Maharshi Valmiki Scheduled Tribes Development Corporation Ltd,RTI_Online_Karnataka,Kolar,Not Applicable
Karnataka,Kolar - Office of The Deputy Conservator of Forest,RTI_Online_Karnataka,Kolar,
Karnataka,"Kolar - Office of The Deputy Director, Department of Public Instruction",RTI_Online_Karnataka,Kolar,Not Applicable
Karnataka,Kolar - Office of The District Health and Family Welfare Officer,RTI_Online_Karnataka,Kolar,
Karnataka,"Kolar - Office of The District Skill Development Officer, Skill Development Department",RTI_Online_Karnataka,Kolar,Not Applicable
Karnataka,"Kolar - Office of The District Surgeon, Sri Narasimharaja District Hospital",RTI_Online_Karnataka,Kolar,
Karnataka,"Kolar - Office of The Joint Director, District Industrial Centre, Dept of Industries & Commerce",RTI_Online_Karnataka,Kolar,Not Applicable
Karnataka,"Kolar - Office of the Deputy Director, Department of Animal Husbandry and Veterinary Services",RTI_Online_Karnataka,Kolar,Not Applicable
Karnataka,"Kolar - Office of the Deputy Director, Department of Pre University Education",RTI_Online_Karnataka,Kolar,Not Applicable
Karnataka,"Kolar - Office of the Deputy Director, Department of Sericulture",RTI_Online_Karnataka,Kolar,Not Applicable
Karnataka,"Kolar - Office of the Deputy Director, Department of Social Welfare",RTI_Online_Karnataka,Kolar,Not Applicable
Karnataka,"Kolar - Office of the Deputy Director, Department of Women and Child Development",RTI_Online_Karnataka,Kolar,Not Applicable
Karnataka,"Kolar - Office of the Deputy Director, District Treasury",RTI_Online_Karnataka,Kolar,Not Applicable
Karnataka,"Kolar - Office of the Deputy Director, Fisheries Department",RTI_Online_Karnataka,Kolar,Not Applicable
Karnataka,"Kolar - Office of the Deputy commissioner, Department of Excise",RTI_Online_Karnataka,Kolar,Not Applicable
Karnataka,"Kolar - Office of the District Office, Department of Backward Classes Welfare",RTI_Online_Karnataka,Kolar,Not Applicable
Karnataka,"Kolar - Office of the District officer, Minority Welfare Department",RTI_Online_Karnataka,Kolar,Not Applicable
Karnataka,"Kolar - Office of the Executive Engineer, Dept of Minor Irrigation and Ground Water Development",RTI_Online_Karnataka,Kolar,Not Applicable
Karnataka,Kolar - Regional Transport Office,RTI_Online_Karnataka,Kolar,
Karnataka,"Kolar -Office of The Assistant Director, Department of Agricultural Marketing",RTI_Online_Karnataka,Kolar,Not Applicable
Karnataka,Kolar- Office of The Superintendent of Police,RTI_Online_Karnataka,Kolar,Not Applicable
Karnataka,"Kolar- Office of the Joint Director, Department of Agriculture",RTI_Online_Karnataka,Kolar,Not Applicable
Karnataka,Kolar-Bangarapet-Rural Development and Panchayat Raj-RDPR(T.P),RTI_Online_Karnataka,Kolar,Bangarapet
Karnataka,Kolar-Deputy Director of Land Records-DDLR,RTI_Online_Karnataka,Kolar,Not Applicable
Karnataka,Kolar-District Registrar - DR,RTI_Online_Karnataka,Kolar,Not Applicable
Karnataka,Kolar-Food and Civil Supplies - FCS,RTI_Online_Karnataka,Kolar,Not Applicable
Karnataka,Kolar-K G F-Rural Development and Panchayat Raj-RDPR(T.P),RTI_Online_Karnataka,Kolar,K G F
Karnataka,Kolar-Kolar-Rural Development and Panchayat Raj-RDPR(T.P),RTI_Online_Karnataka,Kolar,Kolar
Karnataka,Kolar-LABOUR,RTI_Online_Karnataka,Kolar,Not Applicable
Karnataka,Kolar-Malur-Rural Development and Panchayat Raj-RDPR(T.P),RTI_Online_Karnataka,Kolar,Malur
Karnataka,Kolar-Mulbagal-Rural Development and Panchayat Raj-RDPR(T.P),RTI_Online_Karnataka,Kolar,Mulbagal
Karnataka,Kolar-Neharu Yuva Kendra Kolara,RTI_Online_Karnataka,Kolar,
Karnataka,Kolar-Public Works Department - PWD,RTI_Online_Karnataka,Kolar,Not Applicable
Karnataka,Kolar-REVENUE,RTI_Online_Karnataka,Kolar,Not Applicable
Karnataka,Kolar-Rural Development and Panchayat Raj-RDPR(Z.P),RTI_Online_Karnataka,Kolar,NA
Karnataka,Kolar-Srinivaspur-Rural Development and Panchayat Raj-RDPR(T.P),RTI_Online_Karnataka,Kolar,Srinivaspur
Karnataka,Kolar-Urban Development Cell - DUDC,RTI_Online_Karnataka,Kolar,Not Applicable
Karnataka,Koppal - Department of Physicaly disabled and Senior Citizens,RTI_Online_Karnataka,Koppal,Not Applicable
Karnataka,"Koppal - Deputy Director office, Horticulture department",RTI_Online_Karnataka,Koppal,Not Applicable
Karnataka,Koppal - District Consumer Disputes and Redressal Commission,RTI_Online_Karnataka,Koppal,Not Applicable
Karnataka,Koppal - District Court,RTI_Online_Karnataka,Koppal,
Karnataka,Koppal - District Project Office- Karnataka Housing Board,RTI_Online_Karnataka,Koppal,Not Applicable
Karnataka,Koppal - District Training Institute,RTI_Online_Karnataka,Koppal,Not Applicable
Karnataka,Koppal - District Waqf Office,RTI_Online_Karnataka,Koppal,Not Applicable
Karnataka,"Koppal - Joint Director office, District Commerce and Industry Department",RTI_Online_Karnataka,Koppal,Not Applicable
Karnataka,"Koppal - Office of The Deputy Director, District Treasury",RTI_Online_Karnataka,Koppal,Not Applicable
Karnataka,"Koppal - Office of The District Officer, Backward Classes Welfare Department",RTI_Online_Karnataka,Koppal,Not Applicable
Karnataka,"Koppal - Office of The District Skill Development Officer, Skill Development Department",RTI_Online_Karnataka,Koppal,Not Applicable
Karnataka,"Koppal - Office of The District officer, Minority Welfare Department",RTI_Online_Karnataka,Koppal,Not Applicable
Karnataka,"Koppal - Office of the Assistant Director, Department of Agricultural Marketing",RTI_Online_Karnataka,Koppal,Not Applicable
Karnataka,"Koppal - Office of the Assistant Director, Department of Town and Country Planning",RTI_Online_Karnataka,Koppal,Not Applicable
Karnataka,Koppal - Office of the Deputy Commissioner of Co-operative Societies,RTI_Online_Karnataka,Koppal,Not Applicable
Karnataka,"Koppal - Office of the Deputy Director, Department of Sericulture",RTI_Online_Karnataka,Koppal,Not Applicable
Karnataka,"Koppal - Office of the Deputy Director,Department of Animal Husbandry and Veterinary Services",RTI_Online_Karnataka,Koppal,Not Applicable
Karnataka,Koppal - Office of the District Health and Family Welfare Services Officer,RTI_Online_Karnataka,Koppal,Not Applicable
Karnataka,"Koppal - Office of the Senior Geologist, Department of Mines and Geology",RTI_Online_Karnataka,Koppal,Not Applicable
Karnataka,"Koppal - Office of the the Deputy Conservator of Office, Social Forestry Division",RTI_Online_Karnataka,Koppal,
Karnataka,"Koppal - office of the Deputy Director, Department of Pre University Eductaion",RTI_Online_Karnataka,Koppal,Not Applicable
Karnataka,Koppal- Karnataka Food and Civil Supplies Corporation Limited,RTI_Online_Karnataka,Koppal,Not Applicable
Karnataka,"Koppal- Office of The Deputy Conservator of Forest, Territorial Forest Division",RTI_Online_Karnataka,Koppal,
Karnataka,"Koppal- Office of The Deputy Director, Department of Public Instruction",RTI_Online_Karnataka,Koppal,Not Applicable
Karnataka,"Koppal- Office of The Drug Control Officer, Deparment of Drugs Control",RTI_Online_Karnataka,Koppal,Not Applicable
Karnataka,Koppal- Office of The Superintendent of Police,RTI_Online_Karnataka,Koppal,Not Applicable
Karnataka,"Koppal- Office of the Assistant Director, Department of Information and Public Relations",RTI_Online_Karnataka,Koppal,Not Applicable
Karnataka,"Koppal- Office of the Assistant Director, Department of Pension, Small Savings, Assets and Liabiliti",RTI_Online_Karnataka,Koppal,Not Applicable
Karnataka,"Koppal- Office of the Deputy Director, Department of Women and Child Welfare",RTI_Online_Karnataka,Koppal,Not Applicable
Karnataka,"Koppal- Office of the Deputy commissioner, Department of Excise",RTI_Online_Karnataka,Koppal,Not Applicable
Karnataka,"Koppal- Office of the Executive Engineer, Department of Minor Irrigation and Ground Water Developmen",RTI_Online_Karnataka,Koppal,Not Applicable
Karnataka,"Koppal- Office of the Joint Director, Department of Agriculture",RTI_Online_Karnataka,Koppal,Not Applicable
Karnataka,Koppal-Deputy Director of Land Records-DDLR,RTI_Online_Karnataka,Koppal,Not Applicable
Karnataka,Koppal-District Registrar - DR,RTI_Online_Karnataka,Koppal,Not Applicable
Karnataka,Koppal-Food and Civil Supplies - FCS,RTI_Online_Karnataka,Koppal,Not Applicable
Karnataka,Koppal-Gangawati-Rural Development and Panchayat Raj-RDPR(T.P),RTI_Online_Karnataka,Koppal,Gangawati
Karnataka,Koppal-Kanakagiri-Rural Development and Panchayat Raj-RDPR(T.P),RTI_Online_Karnataka,Koppal,Kanakagiri
Karnataka,Koppal-Karatagi-Rural Development and Panchayat Raj-RDPR(T.P),RTI_Online_Karnataka,Koppal,Karatagi
Karnataka,Koppal-Koppal-Rural Development and Panchayat Raj-RDPR(T.P),RTI_Online_Karnataka,Koppal,Koppal
Karnataka,Koppal-Kuknur-Rural Development and Panchayat Raj-RDPR(T.P),RTI_Online_Karnataka,Koppal,Kuknur
Karnataka,Koppal-Kushtagi-Rural Development and Panchayat Raj-RDPR(T.P),RTI_Online_Karnataka,Koppal,Kushtagi
Karnataka,Koppal-LABOUR,RTI_Online_Karnataka,Koppal,Not Applicable
Karnataka,Koppal-Public Works Department - PWD,RTI_Online_Karnataka,Koppal,Not Applicable
Karnataka,Koppal-REVENUE,RTI_Online_Karnataka,Koppal,Not Applicable
Karnataka,Koppal-Rural Development and Panchayat Raj-RDPR(Z.P),RTI_Online_Karnataka,Koppal,NA
Karnataka,Koppal-Urban Development Cell - DUDC,RTI_Online_Karnataka,Koppal,Not Applicable
Karnataka,Koppal-yelbarga-Rural Development and Panchayat Raj-RDPR(T.P),RTI_Online_Karnataka,Koppal,yelbarga
Karnataka,Krishna Bhagya Jala Nigam Limited,RTI_Online_Karnataka,NA,Not Applicable
Karnataka,Krishna Command Area Development Authorities (CADA),RTI_Online_Karnataka,NA,Not Applicable
Karnataka,Kundapura Planning Authority,RTI_Online_Karnataka,NA,Not Applicable
Karnataka,Kushalnagar Planning Authority,RTI_Online_Karnataka,NA,Not Applicable
Karnataka,Kuvempu University,RTI_Online_Karnataka,NA,Not Applicable
Karnataka,Law Commission of Karnataka,RTI_Online_Karnataka,NA,Not Applicable
Karnataka,Madhugiri - District Institute of Education and Training (DIET),RTI_Online_Karnataka,Madhugiri,Not Applicable
Karnataka,Madikeri - Urban Development Authority,RTI_Online_Karnataka,Madikeri,Not Applicable
Karnataka,Mahatma Gandhi Institute of Rural Energy and Development,RTI_Online_Karnataka,,
Karnataka,Malur Planning Authority,RTI_Online_Karnataka,State Level / Not Applicable,Not Applicable
Karnataka,Mandya - District Consumer Disputes Redressal Commission,RTI_Online_Karnataka,Mandya,Not Applicable
Karnataka,Mandya - District Institute for Education and Training (DIET),RTI_Online_Karnataka,Mandya,Not Applicable
Karnataka,Mandya - Distrsict Court,RTI_Online_Karnataka,Mandya,
Karnataka,"Mandya - Office of The Deputy Director, Department of Social Welfare",RTI_Online_Karnataka,Mandya,Not Applicable
Karnataka,"Mandya - Office of the Deputy Director, Department Of Agricultural Marketing",RTI_Online_Karnataka,Mandya,Not Applicable
Karnataka,"Mandya - Office of the Deputy Director, District Treasury",RTI_Online_Karnataka,Mandya,Not Applicable
Karnataka,"Mandya- Office of The Assistant Director, Department of Information and Public Relations",RTI_Online_Karnataka,Mandya,Not Applicable
Karnataka,"Mandya- Office of The Assistant Executive Engineer, Department of Minor Irrigation and Ground Water",RTI_Online_Karnataka,Mandya,Not Applicable
Karnataka,"Mandya- Office of The Deputy Commissioner of Excise, Department of Excise",RTI_Online_Karnataka,Mandya,Not Applicable
Karnataka,"Mandya- Office of The Deputy Conservator of Forest, Department of Forest",RTI_Online_Karnataka,Mandya,
Karnataka,"Mandya- Office of The Deputy Director, Department of Pre- University Education",RTI_Online_Karnataka,Mandya,Not Applicable
Karnataka,"Mandya- Office of The Deputy Director, Department of Public Instruction",RTI_Online_Karnataka,Mandya,Not Applicable
Karnataka,"Mandya- Office of The District Skill Development Officer, Department of Skill Development, Enterpren",RTI_Online_Karnataka,Mandya,Not Applicable
Karnataka,"Mandya- Office of The Joint Director, District Industrial Centre, Department of Industries and Comme",RTI_Online_Karnataka,Mandya,Not Applicable
Karnataka,"Mandya- Office of The Registrar of Co-operative Societies, Department of Co-operation",RTI_Online_Karnataka,Mandya,Not Applicable
Karnataka,Mandya- Office of The Superintendent of Police,RTI_Online_Karnataka,Mandya,Not Applicable
Karnataka,"Mandya- Office of the Assiatant Director, Department of Kannada and Culture",RTI_Online_Karnataka,Mandya,Not Applicable
Karnataka,"Mandya- Office of the Deputy Director, Department of Animal Husbandry and Veterinary Services",RTI_Online_Karnataka,Mandya,Not Applicable
Karnataka,"Mandya- Office of the Deputy Director, Department of Handlooms and Textiles",RTI_Online_Karnataka,Mandya,Not Applicable
Karnataka,"Mandya- Office of the Deputy Director, Department of Horticulture",RTI_Online_Karnataka,Mandya,Not Applicable
Karnataka,"Mandya- Office of the Deputy Director, Department of Sericulture",RTI_Online_Karnataka,Mandya,Not Applicable
Karnataka,"Mandya- Office of the Deputy Director, Department of Women and Child Development",RTI_Online_Karnataka,Mandya,Not Applicable
Karnataka,Mandya- Office of the District Health and Family Welfare Officer,RTI_Online_Karnataka,Mandya,Not Applicable
Karnataka,"Mandya- Office of the District Office, Department of Backward classes welfare",RTI_Online_Karnataka,Mandya,Not Applicable
Karnataka,"Mandya- Office of the District Statistical Officer, Department of Statistics",RTI_Online_Karnataka,Mandya,Not Applicable
Karnataka,"Mandya- Office of the Executive Engineer, Karnataka Rural Infrastructure Development Limited",RTI_Online_Karnataka,Mandya,Not Applicable
Karnataka,"Mandya- Office of the Joint Director, Department of Agriculture",RTI_Online_Karnataka,Mandya,Not Applicable
Karnataka,"Mandya- Regional Office, Karnataka State Pollution Control Board",RTI_Online_Karnataka,Mandya,Not Applicable
Karnataka,Mandya-Deputy Director of Land Records-DDLR,RTI_Online_Karnataka,Mandya,Not Applicable
Karnataka,Mandya-District Registrar - DR,RTI_Online_Karnataka,Mandya,Not Applicable
Karnataka,Mandya-District Training Institute,RTI_Online_Karnataka,Mandya,Not Applicable
Karnataka,Mandya-Food and Civil Supplies - FCS,RTI_Online_Karnataka,Mandya,Not Applicable
Karnataka,Mandya-Krishnarajpet-Rural Development and Panchayat Raj-RDPR(T.P),RTI_Online_Karnataka,Mandya,Krishnarajpet
Karnataka,Mandya-LABOUR,RTI_Online_Karnataka,Mandya,Not Applicable
Karnataka,Mandya-Maddur-Rural Development and Panchayat Raj-RDPR(T.P),RTI_Online_Karnataka,Mandya,Maddur
Karnataka,Mandya-Malavalli-Rural Development and Panchayat Raj-RDPR(T.P),RTI_Online_Karnataka,Mandya,Malavalli
Karnataka,Mandya-Mandya-Rural Development and Panchayat Raj-RDPR(T.P),RTI_Online_Karnataka,Mandya,Mandya
Karnataka,Mandya-Nagamangala-Rural Development and Panchayat Raj-RDPR(T.P),RTI_Online_Karnataka,Mandya,Nagamangala
Karnataka,Mandya-Pandavapura-Rural Development and Panchayat Raj-RDPR(T.P),RTI_Online_Karnataka,Mandya,Pandavapura
Karnataka,Mandya-Public Works Department - PWD,RTI_Online_Karnataka,Mandya,Not Applicable
Karnataka,Mandya-REVENUE,RTI_Online_Karnataka,Mandya,Not Applicable
Karnataka,Mandya-Rural Development and Panchayat Raj-RDPR(Z.P),RTI_Online_Karnataka,Mandya,NA
Karnataka,Mandya-Shrirangapattana-Rural Development and Panchayat Raj-RDPR(T.P),RTI_Online_Karnataka,Mandya,Shrirangapattana
Karnataka,Mandya-Urban Development Cell - DUDC,RTI_Online_Karnataka,Mandya,Not Applicable
Karnataka,Mangalore - Karnataka Urban Water Supply and Drainage Board,RTI_Online_Karnataka,Mangalore,Not Applicable
Karnataka,Mangalore University,RTI_Online_Karnataka,State Level / Not Applicable,Not Applicable
Karnataka,Mangalore-Department of Electrical Inspectorate,RTI_Online_Karnataka,Mangalore,Not Applicable
Karnataka,Mangaluru Electricity Supply Company Limited-(Corporate Office),RTI_Online_Karnataka,Mangaluru Electricity Supply Company Limited,Not Applicable
Karnataka,Mangaluru Electricity Supply Company Limited-(Mangaluru Zone),RTI_Online_Karnataka,Mangaluru Electricity Supply Company Limited,Not Applicable
Karnataka,Mangaluru Electricity Supply Company Limited-(Shivamogga Zone),RTI_Online_Karnataka,Mangaluru Electricity Supply Company Limited,Not Applicable
Karnataka,Mangaluru- Office of the commissioner of police,RTI_Online_Karnataka,Mangaluru,Not Applicable
Karnataka,Mission Director Deendayal Antyodaya Yojana-National Urban Livelihoods,RTI_Online_Karnataka,Mission Director Deendayal Antyodaya Yojana,Not Applicable
Karnataka,Moodbidri Planning Authority,RTI_Online_Karnataka,Moodbidri,Not Applicable
Karnataka,Mudhol Planning Authority,RTI_Online_Karnataka,Mudhol,Not Applicable
Karnataka,Mysore Sales International Limited,RTI_Online_Karnataka,NA,Not Applicable
Karnataka,Mysore-Department of Electrical Inspectorate,RTI_Online_Karnataka,Mysore,Not Applicable
Karnataka,Mysuru - College of Teacher Education,RTI_Online_Karnataka,Mysuru,Not Applicable
Karnataka,Mysuru - District Court,RTI_Online_Karnataka,Mysuru,
Karnataka,Mysuru - District Institute of Education and Training (DIET),RTI_Online_Karnataka,Mysuru,Not Applicable
Karnataka,Mysuru - District Waqf Office,RTI_Online_Karnataka,Mysuru,Not Applicable
Karnataka,Mysuru - Karnataka Maharshi Valmiki Scheduled Tribes Development Corporation Ltd,RTI_Online_Karnataka,Mysuru,Not Applicable
Karnataka,"Mysuru - Office of The Chief Engineer (Electricity),Transmission zone, KPTCL",RTI_Online_Karnataka,Mysuru,Not Applicable
Karnataka,"Mysuru - Office of The Deputy Director, Department of Sericulture",RTI_Online_Karnataka,Mysuru,Not Applicable
Karnataka,"Mysuru - Office of The District Skill Development Officer, Skill Development Department",RTI_Online_Karnataka,Mysuru,Not Applicable
Karnataka,"Mysuru - Office of The District officer, Minority Welfare Department",RTI_Online_Karnataka,Mysuru,Not Applicable
Karnataka,"Mysuru - Office of the Assistant Director, Town & Country Planning",RTI_Online_Karnataka,Mysuru,Not Applicable
Karnataka,"Mysuru - Office of the Deputy Director, Department of Agricultural Marketing",RTI_Online_Karnataka,Mysuru,Not Applicable
Karnataka,"Mysuru - Office of the Deputy Director, Department of School Education",RTI_Online_Karnataka,Mysuru,Not Applicable
Karnataka,"Mysuru - Office of the Joint Director, Department of Agriculture",RTI_Online_Karnataka,Mysuru,Not Applicable
Karnataka,"Mysuru - Office of the Joint Director, District Treasury",RTI_Online_Karnataka,Mysuru,Not Applicable
Karnataka,"Mysuru - Office of the Joint Director, Town & Country Planning",RTI_Online_Karnataka,Mysuru,Not Applicable
Karnataka,Mysuru - Police Training School,RTI_Online_Karnataka,Mysuru,Not Applicable
Karnataka,Mysuru - Regional Joint Director Department of Collegiate Education,RTI_Online_Karnataka,Mysuru,Not Applicable
Karnataka,"Mysuru -Office of the Deputy Director, Dept of Animal Husbandry and Veterinary Services",RTI_Online_Karnataka,Mysuru,Not Applicable
Karnataka,Mysuru University,RTI_Online_Karnataka,NA,Not Applicable
Karnataka,"Mysuru- Department of Archaeology, Museums and Heritage",RTI_Online_Karnataka,Mysuru,Not Applicable
Karnataka,Mysuru- District Consumer Disputes and Redressal Commission,RTI_Online_Karnataka,Mysuru,Not Applicable
Karnataka,Mysuru- District Training Institute,RTI_Online_Karnataka,Mysuru,Not Applicable
Karnataka,"Mysuru- Karnataka State Road Transport Corporation, Mysuru Urban Transport Division",RTI_Online_Karnataka,Mysuru,Not Applicable
Karnataka,"Mysuru- Office of The Assistant Director, Department of Social Welfare",RTI_Online_Karnataka,Mysuru,Not Applicable
Karnataka,"Mysuru- Office of The Assistant Director, Department of Tourism",RTI_Online_Karnataka,Mysuru,Not Applicable
Karnataka,"Mysuru- Office of The Chief Conservator of Forests, Mysuru Circle",RTI_Online_Karnataka,Mysuru,
Karnataka,"Mysuru- Office of The Chief Librarian, City Central Library, Department of Public Library",RTI_Online_Karnataka,Mysuru,Not Applicable
Karnataka,"Mysuru- Office of The Deputy Director, Department of Horticulture",RTI_Online_Karnataka,Mysuru,Not Applicable
Karnataka,"Mysuru- Office of The Deputy Director, Department of Pre University Education",RTI_Online_Karnataka,Mysuru,Not Applicable
Karnataka,"Mysuru- Office of The Deputy Director, Department of Women and Child Development",RTI_Online_Karnataka,Mysuru,Not Applicable
Karnataka,Mysuru- Office of The District Health and Family Welfare Officer,RTI_Online_Karnataka,Mysuru,Not Applicable
Karnataka,"Mysuru- Office of The District Officer, Backward classes Welfare Department",RTI_Online_Karnataka,Mysuru,Not Applicable
Karnataka,"Mysuru- Office of The Joint Director, District Industiral Centre",RTI_Online_Karnataka,Mysuru,Not Applicable
Karnataka,Mysuru- Office of The Superintendent of Police,RTI_Online_Karnataka,Mysuru,Not Applicable
Karnataka,Mysuru- Office of the District Statistical Officer,RTI_Online_Karnataka,Mysuru,Not Applicable
Karnataka,"Mysuru- Office of the Executive Engineer, Department of Minor Irrigation and Ground Water Developmen",RTI_Online_Karnataka,Mysuru,Not Applicable
Karnataka,Mysuru- Office of the commissioner of police,RTI_Online_Karnataka,Mysuru,Not Applicable
Karnataka,Mysuru- Urban Development Authority,RTI_Online_Karnataka,Mysuru,
Karnataka,Mysuru-City Corporation,RTI_Online_Karnataka,Mysuru,Not Applicable
Karnataka,Mysuru-Deputy Director of Land Records-DDLR,RTI_Online_Karnataka,Mysuru,Not Applicable
Karnataka,Mysuru-District Registrar - DR,RTI_Online_Karnataka,Mysuru,Not Applicable
Karnataka,Mysuru-Food and Civil Supplies - FCS,RTI_Online_Karnataka,Mysuru,Not Applicable
Karnataka,Mysuru-Heggadadevana Kote-Rural Development and Panchayat Raj-RDPR(T.P),RTI_Online_Karnataka,Mysuru,Heggadadevana Kote
Karnataka,Mysuru-Hunsur-Rural Development and Panchayat Raj-RDPR(T.P),RTI_Online_Karnataka,Mysuru,Hunsur
Karnataka,Mysuru-Krishnarajanagara-Rural Development and Panchayat Raj-RDPR(T.P),RTI_Online_Karnataka,Mysuru,Krishnarajanagara
Karnataka,Mysuru-LABOUR,RTI_Online_Karnataka,Mysuru,Not Applicable
Karnataka,Mysuru-Mysuru-Rural Development and Panchayat Raj-RDPR(T.P),RTI_Online_Karnataka,Mysuru,Mysuru
Karnataka,Mysuru-Nanjangud-Rural Development and Panchayat Raj-RDPR(T.P),RTI_Online_Karnataka,Mysuru,Nanjangud
Karnataka,"Mysuru-Office of the Deputy Director, Regional Forensic Science laboratory",RTI_Online_Karnataka,Mysuru,Not Applicable
Karnataka,Mysuru-Office of the Joint Registrar of Cooperative Societies,RTI_Online_Karnataka,Mysuru,Not Applicable
Karnataka,Mysuru-Piriyapatna-Rural Development and Panchayat Raj-RDPR(T.P),RTI_Online_Karnataka,Mysuru,Piriyapatna
Karnataka,Mysuru-Public Works Department - PWD,RTI_Online_Karnataka,Mysuru,Not Applicable
Karnataka,Mysuru-REVENUE,RTI_Online_Karnataka,Mysuru,Not Applicable
Karnataka,Mysuru-Rural Development and Panchayat Raj-RDPR(Z.P),RTI_Online_Karnataka,Mysuru,NA
Karnataka,Mysuru-Saraguru-Rural Development and Panchayat Raj-RDPR(T.P),RTI_Online_Karnataka,Mysuru,Saraguru
Karnataka,Mysuru-T Narsipur-Rural Development and Panchayat Raj-RDPR(T.P),RTI_Online_Karnataka,Mysuru,T Narsipur
Karnataka,Mysuru-Urban Development Cell - DUDC,RTI_Online_Karnataka,Mysuru,Not Applicable
Karnataka,NCC Directorate (NCC Cell),RTI_Online_Karnataka,NA,Not Applicable
Karnataka,"Nandi Medical College and Research Institute, Chikkaballapura",RTI_Online_Karnataka,NA,Not Applicable
Karnataka,Nijasharana Ambigara Chowdaiah Development Corporation Limited,RTI_Online_Karnataka,NA,Not Applicable
Karnataka,Nippani Planning Authority,RTI_Online_Karnataka,NA,Not Applicable
Karnataka,Non Resident Indian Forum,RTI_Online_Karnataka,NA,Not Applicable
Karnataka,"North West Karnataka Road Transport Corporation, Bagalkot Division(NWKRTC)",RTI_Online_Karnataka,NA,Not Applicable
Karnataka,"North West Karnataka Road Transport Corporation, Belagavi Division(NWKRTC)",RTI_Online_Karnataka,NA,Not Applicable
Karnataka,"North West Karnataka Road Transport Corporation, Chikkodi Division(NWKRTC)",RTI_Online_Karnataka,NA,Not Applicable
Karnataka,"North West Karnataka Road Transport Corporation, Dharwad Division(NWKRTC)",RTI_Online_Karnataka,NA,Not Applicable
Karnataka,"North West Karnataka Road Transport Corporation, Gadag Division(NWKRTC)",RTI_Online_Karnataka,NA,Not Applicable
Karnataka,"North West Karnataka Road Transport Corporation, Haveri Division(NWKRTC)",RTI_Online_Karnataka,NA,Not Applicable
Karnataka,"North West Karnataka Road Transport Corporation, Hubbali Rural Division(NWKRTC)",RTI_Online_Karnataka,NA,Not Applicable
Karnataka,"North West Karnataka Road Transport Corporation, Hubballi-Dharwad City Division(NWKRTC)",RTI_Online_Karnataka,NA,Not Applicable
Karnataka,"North West Karnataka Road Transport Corporation, Regional Training Centre, Hubbali(NWKRTC)",RTI_Online_Karnataka,NA,Not Applicable
Karnataka,"North West Karnataka Road Transport Corporation, Regional Workshop, Hubbali(NWKRTC)",RTI_Online_Karnataka,NA,Not Applicable
Karnataka,"North West Karnataka Road Transport Corporation, Shirasi Division(NWKRTC)",RTI_Online_Karnataka,NA,Not Applicable
Karnataka,"North Western Karnataka Road Transport Corporation, Central Office(Accounts Dept)",RTI_Online_Karnataka,NA,Not Applicable
Karnataka,"North Western Karnataka Road Transport Corporation, Central Office(Board Dept)",RTI_Online_Karnataka,NA,Not Applicable
Karnataka,"North Western Karnataka Road Transport Corporation, Central Office(Civil Dept)",RTI_Online_Karnataka,NA,Not Applicable
Karnataka,"North Western Karnataka Road Transport Corporation, Central Office(IT Dept)",RTI_Online_Karnataka,NA,Not Applicable
Karnataka,"North Western Karnataka Road Transport Corporation, Central Office(Law Dept)",RTI_Online_Karnataka,NA,Not Applicable
Karnataka,"North Western Karnataka Road Transport Corporation, Central Office(Personnel Dept)",RTI_Online_Karnataka,NA,Not Applicable
Karnataka,"North Western Karnataka Road Transport Corporation, Central Office(Statistical Dept)",RTI_Online_Karnataka,NA,Not Applicable
Karnataka,"North Western Karnataka Road Transport Corporation, Central Office(Stores Dept)",RTI_Online_Karnataka,NA,Not Applicable
Karnataka,"North Western Karnataka Road Transport Corporation, Central Office(Technical Dept)",RTI_Online_Karnataka,NA,Not Applicable
Karnataka,"North Western Karnataka Road Transport Corporation, Central Office(Traffic Dept)",RTI_Online_Karnataka,NA,Not Applicable
Karnataka,"North Western Karnataka Road Transport Corporation,Central Office(Labour Dept)",RTI_Online_Karnataka,NA,Not Applicable
Karnataka,"North Western Karnataka Road Transport Corporation,Central Office(Security Dept)",RTI_Online_Karnataka,NA,Not Applicable
Karnataka,Office of Director General and Inspector General of Police,RTI_Online_Karnataka,NA,Not Applicable
Karnataka,"Office of Engineer in Chief,Minor Irrigation (North Zone)",RTI_Online_Karnataka,NA,Not Applicable
Karnataka,"Office of Engineer in Chief,Minor Irrigation (South Zone)",RTI_Online_Karnataka,NA,Not Applicable
Karnataka,Office of Sericulture Development Commissioner and Director of Sericulture,RTI_Online_Karnataka,NA,Not Applicable
Karnataka,"Office of The Chief Secretary, Vidhana Soudha",RTI_Online_Karnataka,NA,Not Applicable
Karnataka,"Office of the ADGP, Training- Carlton Bhavan",RTI_Online_Karnataka,NA,Not Applicable
Karnataka,"Office of the Additional Director, State Cyber Treasury Bengaluru",RTI_Online_Karnataka,NA,Not Applicable
Karnataka,"Office of the Administrator, Tungabhadra Project, Command Area Development Authority, Munirabad.",RTI_Online_Karnataka,NA,Not Applicable
Karnataka,"Office of the Chief Engineer, Health and Family welfare Department, Engg Wing",RTI_Online_Karnataka,,
Karnataka,"Office of the Chief Engineer, National Highways, Bengaluru",RTI_Online_Karnataka,NA,Not Applicable
Karnataka,"Office of the Chief Engineer, Water Resource Department",RTI_Online_Karnataka,NA,Not Applicable
Karnataka,Office of the Commissioner Animal Husbandry and Veterinary Services Department,RTI_Online_Karnataka,NA,Not Applicable
Karnataka,"Office of the Commissioner Food, Civil Supplies and Consumer Affairs Department",RTI_Online_Karnataka,NA,Not Applicable
Karnataka,"Office of the Commissioner, Centralised Admission Cell, School Education Department",RTI_Online_Karnataka,NA,Not Applicable
Karnataka,"Office of the Commissioner, Department of Collegiate Education",RTI_Online_Karnataka,NA,Not Applicable
Karnataka,"Office of the Commissioner, Department of Hindu Religious Institutions and Charitable Endowments",RTI_Online_Karnataka,,
Karnataka,"Office of the Commissioner, School Education Department",RTI_Online_Karnataka,NA,Not Applicable
Karnataka,"Office of the Commissioner, Transport and Road Safety",RTI_Online_Karnataka,NA,Not Applicable
Karnataka,Office of the Deputy Director Central Accounting Unit Bengaluru,RTI_Online_Karnataka,NA,Not Applicable
Karnataka,"Office of the Deputy Director, Additional State Huzur Treasury Bengaluru",RTI_Online_Karnataka,NA,Not Applicable
Karnataka,"Office of the Deputy Director, Regional Forensic Science Laboratory, Mangaluru",RTI_Online_Karnataka,NA,Not Applicable
Karnataka,"Office of the Deputy Inspector General of Police, North Eastern Range Kalaburagi",RTI_Online_Karnataka,NA,Not Applicable
Karnataka,"Office of the Director, Department of Public Libraries",RTI_Online_Karnataka,NA,Not Applicable
Karnataka,"Office of the Director, Department of School Education(Pre University)",RTI_Online_Karnataka,NA,Not Applicable
Karnataka,"Office of the Director, Dr Babu Jagajeevana Ram Research Institute",RTI_Online_Karnataka,NA,Not Applicable
Karnataka,"Office of the Inspector General of Police, Belagavi (Northern Range)",RTI_Online_Karnataka,NA,Not Applicable
Karnataka,"Office of the Inspector General of Police, Bengaluru (Central Zone)",RTI_Online_Karnataka,NA,Not Applicable
Karnataka,"Office of the Inspector General of Police, Mangaluru (Western Range)",RTI_Online_Karnataka,NA,Not Applicable
Karnataka,"Office of the Inspector General of Police, Mysuru (Southern Range)",RTI_Online_Karnataka,NA,Not Applicable
Karnataka,"Office of the Joint Director, School Education Department, Bengaluru Division",RTI_Online_Karnataka,NA,Not Applicable
Karnataka,"Office of the Principal Chief Conservator of Forest, (Head of Forest F",RTI_Online_Karnataka,NA,Not Applicable
Karnataka,"Office of the Project Director, Karnataka State AIDS Prevention Society",RTI_Online_Karnataka,,
Karnataka,"Office of the Regional Commissioner, Belagavi Division",RTI_Online_Karnataka,NA,Not Applicable
Karnataka,"Office of the State Project Director,Samagra Shikshana Karnataka",RTI_Online_Karnataka,NA,Not Applicable
Karnataka,Office of the Superintendent of Police(Wireless),RTI_Online_Karnataka,,
Karnataka,"Office of the Treasury Commissioner, Department of Treasury",RTI_Online_Karnataka,NA,Not Applicable
Karnataka,Office of the commandant-12th Battalion Karnataka state Reserve Police,RTI_Online_Karnataka,NA,Not Applicable
Karnataka,Office of the commandant-2nd Battalion Karnataka state Reserve Police,RTI_Online_Karnataka,Office of the commandant,
Karnataka,"Office of the commissioner, Survey Settlement and Land Records(SSLR)",RTI_Online_Karnataka,NA,Not Applicable
Karnataka,Pilikula Development Authority,RTI_Online_Karnataka,NA,Not Applicable
Karnataka,Power Company Of Karnataka Ltd,RTI_Online_Karnataka,NA,Not Applicable
Karnataka,Puttur Planning Authority,RTI_Online_Karnataka,NA,Not Applicable
Karnataka,Rabakavi - Banahatti Planning Authority,RTI_Online_Karnataka,Rabakavi,Not Applicable
Karnataka,Raichur - District Consumer Disputes Redressal Commission,RTI_Online_Karnataka,Raichur,Not Applicable
Karnataka,Raichur - District Court,RTI_Online_Karnataka,Raichur,
Karnataka,Raichur - District Training Institute,RTI_Online_Karnataka,Raichur,Not Applicable
Karnataka,"Raichur - Office of The Deputy Director, Department of Agricultural Marketing",RTI_Online_Karnataka,Raichur,Not Applicable
Karnataka,"Raichur - Office of The District Skill Development Officer, Skill Development Department",RTI_Online_Karnataka,Raichur,Not Applicable
Karnataka,"Raichur - Office of the Deputy Director, Department of School Education(Pre University)",RTI_Online_Karnataka,Raichur,Not Applicable
Karnataka,"Raichur - Office of the Deputy Director, District Treasury",RTI_Online_Karnataka,Raichur,Not Applicable
Karnataka,"Raichur Institute of Medical sciences, Raichur",RTI_Online_Karnataka,State Level / Not Applicable,Not Applicable
Karnataka,"Raichur- Office of The Assistant Director, Department of Textiles and Handlooms",RTI_Online_Karnataka,Raichur,Not Applicable
Karnataka,"Raichur- Office of The Deputy Director, Department of Public Instruction",RTI_Online_Karnataka,Raichur,Not Applicable
Karnataka,"Raichur- Office of The Deputy Director, Department of Women and Child Development",RTI_Online_Karnataka,Raichur,Not Applicable
Karnataka,Raichur- Office of The District Health and Family Welfare Officer,RTI_Online_Karnataka,Raichur,Not Applicable
Karnataka,"Raichur- Office of The District Officer, Minority Welfare Department",RTI_Online_Karnataka,Raichur,Not Applicable
Karnataka,"Raichur- Office of The Joint Director, Department of Agriculture",RTI_Online_Karnataka,Raichur,Not Applicable
Karnataka,"Raichur- Office of The Joint Director, District Industrial Centre, Department of Ind & Comm",RTI_Online_Karnataka,Raichur,Not Applicable
Karnataka,"Raichur- Office of The Senior Geologist, Department of Mines and Geology",RTI_Online_Karnataka,Raichur,
Karnataka,Raichur- Office of The Superintendent of Police,RTI_Online_Karnataka,Raichur,Not Applicable
Karnataka,"Raichur- Office of the Assistant Director, Department of Town and Country Planning",RTI_Online_Karnataka,Raichur,Not Applicable
Karnataka,"Raichur- Office of the Deputy Conservator of Forests, Raichuru Forest Division",RTI_Online_Karnataka,Raichur,
Karnataka,"Raichur- Office of the Deputy Director, Department of Social Welfare",RTI_Online_Karnataka,Raichur,Not Applicable
Karnataka,"Raichur- Office of the District Officer, Backward Class Welfare Department",RTI_Online_Karnataka,Raichur,Not Applicable
Karnataka,"Raichur- Regional Office, Karnataka State Pollution Control Board",RTI_Online_Karnataka,Raichur,Not Applicable
Karnataka,Raichur- Sub Regional Science Center,RTI_Online_Karnataka,Raichur,Not Applicable
Karnataka,Raichur-Deputy Director of Land Records-DDLR,RTI_Online_Karnataka,Raichur,Not Applicable
Karnataka,Raichur-Devadurga-Rural Development and Panchayat Raj-RDPR(T.P),RTI_Online_Karnataka,Raichur,Devadurga
Karnataka,Raichur-District Registrar - DR,RTI_Online_Karnataka,Raichur,Not Applicable
Karnataka,Raichur-Food and Civil Supplies - FCS,RTI_Online_Karnataka,Raichur,Not Applicable
Karnataka,Raichur-LABOUR,RTI_Online_Karnataka,Raichur,Not Applicable
Karnataka,Raichur-Lingsugur-Rural Development and Panchayat Raj-RDPR(T.P),RTI_Online_Karnataka,Raichur,Lingsugur
Karnataka,Raichur-Manvi-Rural Development and Panchayat Raj-RDPR(T.P),RTI_Online_Karnataka,Raichur,Manvi
Karnataka,Raichur-Maski-Rural Development and Panchayat Raj-RDPR(T.P),RTI_Online_Karnataka,Raichur,Maski
Karnataka,"Raichur-Office of The Deputy Director, Department of Horticulture",RTI_Online_Karnataka,Raichur,Not Applicable
Karnataka,Raichur-Office of the Executive Engineer Panchayat Raj(Engineering Division),RTI_Online_Karnataka,Raichur,Not Applicable
Karnataka,Raichur-Public Works Department - PWD,RTI_Online_Karnataka,Raichur,Not Applicable
Karnataka,Raichur-REVENUE,RTI_Online_Karnataka,Raichur,Not Applicable
Karnataka,Raichur-Raichur-Rural Development and Panchayat Raj-RDPR(T.P),RTI_Online_Karnataka,Raichur,Raichur
Karnataka,Raichur-Rural Development and Panchayat Raj-RDPR(Z.P),RTI_Online_Karnataka,Raichur,NA
Karnataka,Raichur-Sindhnur-Rural Development and Panchayat Raj-RDPR(T.P),RTI_Online_Karnataka,Raichur,Sindhnur
Karnataka,Raichur-Sirwar-Rural Development and Panchayat Raj-RDPR(T.P),RTI_Online_Karnataka,Raichur,Sirwar
Karnataka,Raichur-The Hutti Gold Mines Company Limited,RTI_Online_Karnataka,Raichur,Not Applicable
Karnataka,Raichur-Urban Development Cell- DUDC,RTI_Online_Karnataka,Raichur,Not Applicable
Karnataka,Rail Infrastructure Development Company(Karnataka) Limited,RTI_Online_Karnataka,Karnataka,Not Applicable
Karnataka,Rajeev Gandhi Housing Corporation,RTI_Online_Karnataka,NA,Not Applicable
Karnataka,"Rajeev Gandi University of Health Science , Karnataka",RTI_Online_Karnataka,NA,Not Applicable
Karnataka,Ramadurga Planning Authority,RTI_Online_Karnataka,NA,Not Applicable
Karnataka,Ramanagar - District Court,RTI_Online_Karnataka,Ramanagar,
Karnataka,Ranebennur Planning Authority,RTI_Online_Karnataka,NA,Not Applicable
Karnataka,Rani Channamma University,RTI_Online_Karnataka,NA,Not Applicable
Karnataka,"Registrar of Cooperative Societies , Bangalore",RTI_Online_Karnataka,NA,Not Applicable
Karnataka,Sagara Planning Authority,RTI_Online_Karnataka,NA,Not Applicable
Karnataka,Scheduled Tribes welfare department,RTI_Online_Karnataka,NA,Not Applicable
Karnataka,Science Gallery Bengaluru,RTI_Online_Karnataka,NA,Not Applicable
Karnataka,Secretariat - Agriculture,RTI_Online_Karnataka,NA,Not Applicable
Karnataka,Secretariat - Animal Husbandry and Fisheries Department,RTI_Online_Karnataka,NA,Not Applicable
Karnataka,Secretariat - Backward Classes Welfare Department,RTI_Online_Karnataka,NA,Not Applicable
Karnataka,Secretariat - Chief Minister Office,RTI_Online_Karnataka,NA,Not Applicable
Karnataka,Secretariat - Commerce and Industries Department,RTI_Online_Karnataka,NA,Not Applicable
Karnataka,Secretariat - Cooperation Department,RTI_Online_Karnataka,NA,Not Applicable
Karnataka,Secretariat - Department of Citizen Services,RTI_Online_Karnataka,Secretariat,
Karnataka,Secretariat - Department of Parliamentary Affairs and Legislation,RTI_Online_Karnataka,NA,Not Applicable
Karnataka,Secretariat - Department of Personnel and Administrative Reforms (DPAR Janaspandana),RTI_Online_Karnataka,Secretariat,
Karnataka,Secretariat - Department of Personnel and Administrative Reforms (DPAR),RTI_Online_Karnataka,NA,Not Applicable
Karnataka,Secretariat - Department of Personnel and Administrative Reforms(DPAR e-Gov),RTI_Online_Karnataka,NA,Not Applicable
Karnataka,Secretariat - Department of Public Enterprises,RTI_Online_Karnataka,Secretariat,
Karnataka,Secretariat - Energy Department,RTI_Online_Karnataka,NA,Not Applicable
Karnataka,Secretariat - Finance Department,RTI_Online_Karnataka,NA,Not Applicable
Karnataka,Secretariat - Food and Civil Supplies (FCS),RTI_Online_Karnataka,NA,Not Applicable
Karnataka,Secretariat - Forest,RTI_Online_Karnataka,NA,Not Applicable
Karnataka,Secretariat - HOME,RTI_Online_Karnataka,NA,Not Applicable
Karnataka,Secretariat - Health and Family Welfare department,RTI_Online_Karnataka,NA,Not Applicable
Karnataka,Secretariat - Higher Education Department,RTI_Online_Karnataka,NA,Not Applicable
Karnataka,Secretariat - Horticulture Department,RTI_Online_Karnataka,NA,Not Applicable
Karnataka,Secretariat - Housing department,RTI_Online_Karnataka,NA,Not Applicable
Karnataka,Secretariat - Information and Public Relation Department,RTI_Online_Karnataka,NA,Not Applicable
Karnataka,"Secretariat - Infrastructure Development, Ports & Inland Water Transp",RTI_Online_Karnataka,NA,Not Applicable
Karnataka,Secretariat - Kannada and Culture Department,RTI_Online_Karnataka,NA,Not Applicable
Karnataka,Secretariat - LABOUR,RTI_Online_Karnataka,NA,Not Applicable
Karnataka,Secretariat - Law,RTI_Online_Karnataka,NA,Not Applicable
Karnataka,Secretariat - Medical Education,RTI_Online_Karnataka,NA,Not Applicable
Karnataka,Secretariat - Minor Irrigation and Ground water development Department,RTI_Online_Karnataka,NA,Not Applicable
Karnataka,Secretariat - Minorities Welfare Haz and Wakf Department,RTI_Online_Karnataka,NA,Not Applicable
Karnataka,"Secretariat - Planning, Programme Monitoring and Statistics Department",RTI_Online_Karnataka,NA,Not Applicable
Karnataka,Secretariat - Primary and Secondary Education,RTI_Online_Karnataka,NA,Not Applicable
Karnataka,Secretariat - Public Works Department - PWD,RTI_Online_Karnataka,NA,Not Applicable
Karnataka,Secretariat - REVENUE,RTI_Online_Karnataka,NA,Not Applicable
Karnataka,Secretariat - Rural Development and Panchayat Raj - RDPR,RTI_Online_Karnataka,NA,Not Applicable
Karnataka,Secretariat - Scheduled Tribes Welfare Department,RTI_Online_Karnataka,NA,Not Applicable
Karnataka,Secretariat - Sericulture,RTI_Online_Karnataka,NA,Not Applicable
Karnataka,"Secretariat - Skill Development , Entertreneurship and Livelihood Depart",RTI_Online_Karnataka,NA,Not Applicable
Karnataka,Secretariat - Social welfare Department,RTI_Online_Karnataka,NA,Not Applicable
Karnataka,Secretariat - Tourism Department,RTI_Online_Karnataka,NA,Not Applicable
Karnataka,Secretariat - Transport Department,RTI_Online_Karnataka,NA,Not Applicable
Karnataka,Secretariat - Urban Development - UD,RTI_Online_Karnataka,NA,Not Applicable
Karnataka,Secretariat - Water Resources,RTI_Online_Karnataka,NA,Not Applicable
Karnataka,Secretariat - Women and Child development Empowerment of differently Abled and Senior Citizens,RTI_Online_Karnataka,NA,Not Applicable
Karnataka,Secretariat - Youth Empowerment and Sports,RTI_Online_Karnataka,NA,Not Applicable
Karnataka,Secretariat - eITBT and S&T,RTI_Online_Karnataka,NA,Not Applicable
Karnataka,Sedam Planning Authority,RTI_Online_Karnataka,NA,Not Applicable
Karnataka,Shidlaghatta Planning Authority,RTI_Online_Karnataka,Shivamogga,Not Applicable
Karnataka,"Shivamogga - Deputy Director(Admin) Office,Animal Husbandary and Veterinary Services Department",RTI_Online_Karnataka,Shivamogga,
Karnataka,Shivamogga - District Consumer Disputes Redressal Commission,RTI_Online_Karnataka,Shivamogga,Not Applicable
Karnataka,Shivamogga - District Court,RTI_Online_Karnataka,Shivamogga,
Karnataka,Shivamogga - District Institute Of Education and Training(DIET),RTI_Online_Karnataka,Shivamogga,Not Applicable
Karnataka,Shivamogga - District Scheduled Tribes Welfare Department,RTI_Online_Karnataka,Shivamogga,Not Applicable
Karnataka,Shivamogga - Karnataka Maharshi Valmiki Scheduled Tribes Development Corporation Ltd,RTI_Online_Karnataka,Shivamogga,Not Applicable
Karnataka,Shivamogga - Keladi Shivappa Nayaka University of Agricultural and Horticultural Sciences,RTI_Online_Karnataka,Shivamogga,Not Applicable
Karnataka,Shivamogga - Office of The District Health and Family Welfare Officer,RTI_Online_Karnataka,Shivamogga,Not Applicable
Karnataka,"Shivamogga - Office of The District Skill Development Officer, Skill Development Department",RTI_Online_Karnataka,Shivamogga,Not Applicable
Karnataka,"Shivamogga - Office of The District officer, Minority Welfare Department",RTI_Online_Karnataka,Shivamogga,
Karnataka,"Shivamogga - Office of the Chief Engineer, C&B (Central), Public Works Department",RTI_Online_Karnataka,Shivamogga,Not Applicable
Karnataka,"Shivamogga - Office of the Deputy Director (Administration), Department of School Education",RTI_Online_Karnataka,Shivamogga,Not Applicable
Karnataka,"Shivamogga - Office of the Deputy Director, Department of Handlooms and Textiles",RTI_Online_Karnataka,Shivamogga,Not Applicable
Karnataka,"Shivamogga - Office of the Deputy Director, Department of School Education(Pre University)",RTI_Online_Karnataka,Shivamogga,Not Applicable
Karnataka,"Shivamogga - Office of the Deputy Director, Department of Women and Child Development",RTI_Online_Karnataka,Shivamogga,Not Applicable
Karnataka,"Shivamogga - Office of the Deputy Director, District Treasury",RTI_Online_Karnataka,Shivamogga,Not Applicable
Karnataka,"Shivamogga - Office of the Deputy Director, Fisheries Department",RTI_Online_Karnataka,Shivamogga,Not Applicable
Karnataka,"Shivamogga - Office of the District Office, Department of Backward Classes Welfare",RTI_Online_Karnataka,Shivamogga,Not Applicable
Karnataka,"Shivamogga - Regional Office, Karnataka State Pollution Control Board",RTI_Online_Karnataka,Shivamogga,Not Applicable
Karnataka,Shivamogga Bhadravathi- Urban Development Authority,RTI_Online_Karnataka,Shivamogga Bhadravathi,Not Applicable
Karnataka,Shivamogga- District Training Institute,RTI_Online_Karnataka,Shivamogga,Not Applicable
Karnataka,"Shivamogga- Joint Director office, Commerce and Industries department",RTI_Online_Karnataka,Shivamogga,Not Applicable
Karnataka,Shivamogga- Karnataka Slum Development Board,RTI_Online_Karnataka,Shivamogga,Not Applicable
Karnataka,"Shivamogga- Office of The Chief Librarian, District Central Library, Department of Public Library",RTI_Online_Karnataka,Shivamogga,Not Applicable
Karnataka,"Shivamogga- Office of The Regional Fire Officer, Karnataka Fire and Emergency Services",RTI_Online_Karnataka,Shivamogga,Not Applicable
Karnataka,Shivamogga- Office of The Superintendent of Police,RTI_Online_Karnataka,Shivamogga,Not Applicable
Karnataka,"Shivamogga- Office of the Joint Director, Department of Agriculture",RTI_Online_Karnataka,Shivamogga,Not Applicable
Karnataka,"Shivamogga- Office of the Regional Joint Director, Department of Collegiate Education",RTI_Online_Karnataka,Shivamogga,Not Applicable
Karnataka,Shivamogga-Bhadravati-Rural Development and Panchayat Raj-RDPR(T.P),RTI_Online_Karnataka,Shivamogga,Bhadravati
Karnataka,Shivamogga-City Corporation,RTI_Online_Karnataka,Shivamogga,Not Applicable
Karnataka,Shivamogga-Deputy Director of Land Records-DDLR,RTI_Online_Karnataka,Shivamogga,Not Applicable
Karnataka,Shivamogga-District Registrar - DR,RTI_Online_Karnataka,Shivamogga,Not Applicable
Karnataka,Shivamogga-Food and Civil Supplies - FCS,RTI_Online_Karnataka,Shivamogga,Not Applicable
Karnataka,Shivamogga-Hosanagara-Rural Development and Panchayat Raj-RDPR(T.P),RTI_Online_Karnataka,Shivamogga,Hosanagara
Karnataka,Shivamogga-LABOUR,RTI_Online_Karnataka,Shivamogga,Not Applicable
Karnataka,"Shivamogga-Office of the Deputy Director, Department of Agricultural Marketing",RTI_Online_Karnataka,Shivamogga,Not Applicable
Karnataka,Shivamogga-Public Works Department - PWD,RTI_Online_Karnataka,Shivamogga,Not Applicable
Karnataka,Shivamogga-REVENUE,RTI_Online_Karnataka,Shivamogga,Not Applicable
Karnataka,Shivamogga-Rural Development and Panchayat Raj-RDPR(Z.P),RTI_Online_Karnataka,Shivamogga,NA
Karnataka,Shivamogga-Sagara-Rural Development and Panchayat Raj-RDPR(T.P),RTI_Online_Karnataka,Shivamogga,Sagara
Karnataka,Shivamogga-Shikaripura-Rural Development and Panchayat Raj-RDPR(T.P),RTI_Online_Karnataka,Shivamogga,Shikaripura
Karnataka,Shivamogga-Shivamogga-Rural Development and Panchayat Raj-RDPR(T.P),RTI_Online_Karnataka,Shivamogga,Shivamogga
Karnataka,Shivamogga-Soraba-Rural Development and Panchayat Raj-RDPR(T.P),RTI_Online_Karnataka,Shivamogga,Soraba
Karnataka,Shivamogga-Thirthahalli-Rural Development and Panchayat Raj-RDPR(T.P),RTI_Online_Karnataka,Shivamogga,Thirthahalli
Karnataka,Shivamogga-Urban Development Cell - DUDC,RTI_Online_Karnataka,Shivamogga,Not Applicable
Karnataka,Shri Atal Bihari Vajpayee Medical College and Research Institution,RTI_Online_Karnataka,State Level / Not Applicable,Not Applicable
Karnataka,Sindagi Planning Authority,RTI_Online_Karnataka,NA,Not Applicable
Karnataka,Sira Urban Development Authority,RTI_Online_Karnataka,NA,Not Applicable
Karnataka,Sirsi Town Planning Authority,RTI_Online_Karnataka,NA,Not Applicable
Karnataka,State Crime Records Bureau(SCRB),RTI_Online_Karnataka,NA,Not Applicable
Karnataka,"State Election Commission, Karnataka",RTI_Online_Karnataka,NA,Not Applicable
Karnataka,State Highway Development Project (SHDP),RTI_Online_Karnataka,NA,Not Applicable
Karnataka,Sub-Regional Science Centre Karwar,RTI_Online_Karnataka,NA,Not Applicable
Karnataka,Suvarna Arogya Suraksha Trust,RTI_Online_Karnataka,NA,Not Applicable
Karnataka,TEST LOGIN III(DO NOT SUBMIT REQUEST),RTI_Online_Karnataka,,
Karnataka,Test Login IV (Do Not Submit Request),RTI_Online_Karnataka,,
Karnataka,Test-Login II (Do not Submit Request),RTI_Online_Karnataka,NA,Not Applicable
Karnataka,"Test-Login, (Do not Submit Request)",RTI_Online_Karnataka,NA,Not Applicable
Karnataka,The Mysore Electrical Industries Limited,RTI_Online_Karnataka,NA,Not Applicable
Karnataka,The Mysore Paper Mills Limited,RTI_Online_Karnataka,NA,Not Applicable
Karnataka,"The University of Agricultural Sciences, Bengaluru",RTI_Online_Karnataka,NA,Not Applicable
Karnataka,The office of the Chief Architect,RTI_Online_Karnataka,NA,Not Applicable
Karnataka,Tiptur Planning Authority,RTI_Online_Karnataka,Tiptur,Not Applicable
Karnataka,Town Planning Authority Gokak,RTI_Online_Karnataka,Gokak,Not Applicable
Karnataka,"Town Planning Authority,Jamkhandi",RTI_Online_Karnataka,Jamkhandi,Not Applicable
Karnataka,Tumakuru - District Consumer Disputes Redressal Commission,RTI_Online_Karnataka,Tumakuru,Not Applicable
Karnataka,Tumakuru - District Court Complex,RTI_Online_Karnataka,Tumakuru,
Karnataka,Tumakuru - District Institute for Education and Training (DIET),RTI_Online_Karnataka,Tumakuru,Not Applicable
Karnataka,Tumakuru - District Training Institute,RTI_Online_Karnataka,Tumakuru,Not Applicable
Karnataka,Tumakuru - Karnataka Maharshi Valmiki Scheduled Tribes Development Corporation Ltd,RTI_Online_Karnataka,Tumakuru,Not Applicable
Karnataka,Tumakuru - Office of The District Health and Family Welfare Officer,RTI_Online_Karnataka,Tumakuru,
Karnataka,"Tumakuru - Office of The District Skill Development Officer, Skill Development Department",RTI_Online_Karnataka,Tumakuru,Not Applicable
Karnataka,"Tumakuru - Office of The District Surgeon,District Hospital",RTI_Online_Karnataka,Tumakuru,
Karnataka,"Tumakuru - Office of The District officer, Minority Welfare Department",RTI_Online_Karnataka,Tumakuru,Not Applicable
Karnataka,"Tumakuru - Office of The Joint Director, Department of Social Welfare",RTI_Online_Karnataka,Tumakuru,Not Applicable
Karnataka,"Tumakuru - Office of the Deputy Director (Administration), Department of School Education",RTI_Online_Karnataka,Tumakuru,Not Applicable
Karnataka,"Tumakuru - Office of the Deputy Director, Department of School Education, Madhugiri",RTI_Online_Karnataka,Tumakuru,Not Applicable
Karnataka,"Tumakuru - Office of the Deputy Director, District Treasury",RTI_Online_Karnataka,Tumakuru,Not Applicable
Karnataka,"Tumakuru - Office of the Joint Director, Department of Agriculture",RTI_Online_Karnataka,Tumakuru,Not Applicable
Karnataka,Tumakuru University,RTI_Online_Karnataka,State Level / Not Applicable,Not Applicable
Karnataka,Tumakuru Urban Development Authority(TUDA),RTI_Online_Karnataka,Na,Not Applicable
Karnataka,"Tumakuru- Office of The Chief Engineer (Electricity),Transmission zone, KPTCL",RTI_Online_Karnataka,Tumakuru,Not Applicable
Karnataka,"Tumakuru- Office of The Deputy Director, Department of Animal Husbandry and Veterinary Services",RTI_Online_Karnataka,Tumakuru,Not Applicable
Karnataka,"Tumakuru- Office of The Deputy Director, Department of Handlooms and Textiles",RTI_Online_Karnataka,Tumakuru,Not Applicable
Karnataka,"Tumakuru- Office of The Deputy Director, Department of Women and Child Development",RTI_Online_Karnataka,Tumakuru,Not Applicable
Karnataka,"Tumakuru- Office of The Joint Director, District Industrial Centre, Department of Ind and Comm",RTI_Online_Karnataka,Tumakuru,Not Applicable
Karnataka,Tumakuru- Office of The Superintendent of Police,RTI_Online_Karnataka,Tumakuru,Not Applicable
Karnataka,Tumakuru-Chiknayakanhalli-Rural Development and Panchayat Raj-RDPR(T.P),RTI_Online_Karnataka,Tumakuru,Chiknayakanhalli
Karnataka,Tumakuru-City Corporation,RTI_Online_Karnataka,Tumakuru,Not Applicable
Karnataka,Tumakuru-Deputy Director of Land Records-DDLR,RTI_Online_Karnataka,Tumakuru,Not Applicable
Karnataka,Tumakuru-District Registrar - DR,RTI_Online_Karnataka,Tumakuru,Not Applicable
Karnataka,Tumakuru-Food and Civil Supplies - FCS,RTI_Online_Karnataka,Tumakuru,Not Applicable
Karnataka,Tumakuru-Gubbi-Rural Development and Panchayat Raj-RDPR(T.P),RTI_Online_Karnataka,Tumakuru,Gubbi
Karnataka,Tumakuru-Koratagere-Rural Development and Panchayat Raj-RDPR(T.P),RTI_Online_Karnataka,Tumakuru,Koratagere
Karnataka,Tumakuru-Kunigal-Rural Development and Panchayat Raj-RDPR(T.P),RTI_Online_Karnataka,Tumakuru,Kunigal
Karnataka,Tumakuru-LABOUR,RTI_Online_Karnataka,Tumakuru,Not Applicable
Karnataka,Tumakuru-Madhugiri-Rural Development and Panchayat Raj-RDPR(T.P),RTI_Online_Karnataka,Tumakuru,Madhugiri
Karnataka,"Tumakuru-Office of the Deputy Director, Department of Agricultural Marketing",RTI_Online_Karnataka,Tumakuru,Not Applicable
Karnataka,"Tumakuru-Office of the District officer, Backward Classes welfare department",RTI_Online_Karnataka,Tumakuru,Not Applicable
Karnataka,Tumakuru-Pavagada-Rural Development and Panchayat Raj-RDPR(T.P),RTI_Online_Karnataka,Tumakuru,Pavagada
Karnataka,Tumakuru-Public Works Department - PWD,RTI_Online_Karnataka,Tumakuru,Not Applicable
Karnataka,Tumakuru-REVENUE,RTI_Online_Karnataka,Tumakuru,Not Applicable
Karnataka,Tumakuru-Rural Development and Panchayat Raj-RDPR(Z.P),RTI_Online_Karnataka,Tumakuru,NA
Karnataka,Tumakuru-Sira-Rural Development and Panchayat Raj-RDPR(T.P),RTI_Online_Karnataka,Tumakuru,Sira
Karnataka,Tumakuru-Tiptur-Rural Development and Panchayat Raj-RDPR(T.P),RTI_Online_Karnataka,Tumakuru,Tiptur
Karnataka,Tumakuru-Tumakuru-Rural Development and Panchayat Raj-RDPR(T.P),RTI_Online_Karnataka,Tumakuru,Tumakuru
Karnataka,Tumakuru-Turuvekere-Rural Development and Panchayat Raj-RDPR(T.P),RTI_Online_Karnataka,Tumakuru,Turuvekere
Karnataka,Tumakuru-Urban Development Cell - DUDC,RTI_Online_Karnataka,Tumakuru,Not Applicable
Karnataka,Udupi - Department For the Empowerment of Differently Abled and Senior Citizens,RTI_Online_Karnataka,Udupi,Not Applicable
Karnataka,Udupi - District Consumer Disputes Redressal Commission,RTI_Online_Karnataka,Udupi,Not Applicable
Karnataka,Udupi - District Court,RTI_Online_Karnataka,Udupi,
Karnataka,Udupi - District Institute for Education and Training (DIET),RTI_Online_Karnataka,Udupi,Not Applicable
Karnataka,Udupi - District Training Institute,RTI_Online_Karnataka,Udupi,Not Applicable
Karnataka,"Udupi - Joint Director office, Commerce and Industries department",RTI_Online_Karnataka,Udupi,Not Applicable
Karnataka,"Udupi - Office of The Assistant Controller, Department of Legal Metrology",RTI_Online_Karnataka,Udupi,Not Applicable
Karnataka,"Udupi - Office of The Assistant Director, Department of Agricultural Marketing",RTI_Online_Karnataka,Udupi,Not Applicable
Karnataka,"Udupi - Office of The Assistant Director, Department of Town and Country Planning",RTI_Online_Karnataka,Udupi,Not Applicable
Karnataka,Udupi - Office of The District Health and Family Welfare Officer,RTI_Online_Karnataka,Udupi,Not Applicable
Karnataka,"Udupi - Office of The District Skill Development Officer, Skill Development Department",RTI_Online_Karnataka,Udupi,Not Applicable
Karnataka,"Udupi - Office of The District Surgeon, District Hospital",RTI_Online_Karnataka,Udupi,Not Applicable
Karnataka,"Udupi - Office of the Deputy Director (Administration), Department of School Education",RTI_Online_Karnataka,Udupi,Not Applicable
Karnataka,"Udupi - Office of the Deputy Director, Department of School Education(Pre University)",RTI_Online_Karnataka,Udupi,Not Applicable
Karnataka,"Udupi - Office of the Deputy Director, District Treasury",RTI_Online_Karnataka,Udupi,Not Applicable
Karnataka,"Udupi - Office of the District Office, Department of Backward Classes Welfare",RTI_Online_Karnataka,Udupi,Not Applicable
Karnataka,"Udupi- Office of The Assistant Director, Dept of Pension and Small Savings, Assests and Liabilities",RTI_Online_Karnataka,Udupi,Not Applicable
Karnataka,"Udupi- Office of The Deputy Director, Department of Women and Child Development",RTI_Online_Karnataka,Udupi,Not Applicable
Karnataka,"Udupi- Office of The Regional Director(Environment), Department of Forest, Ecology and Environment",RTI_Online_Karnataka,Udupi,Not Applicable
Karnataka,Udupi- Office of The Superintendent of Police,RTI_Online_Karnataka,Udupi,Not Applicable
Karnataka,Udupi-Brahmavara-Rural Development and Panchayat Raj-RDPR(T.P),RTI_Online_Karnataka,Udupi,Brahmavara
Karnataka,Udupi-Byndoor-Rural Development and Panchayat Raj-RDPR(T.P),RTI_Online_Karnataka,Udupi,Byndoor
Karnataka,Udupi-DR B R Ambedkar Development Corporation Limited,RTI_Online_Karnataka,Udupi,Not Applicable
Karnataka,Udupi-Deputy Director of Land Records-DDLR,RTI_Online_Karnataka,Udupi,Not Applicable
Karnataka,Udupi-District Registrar - DR,RTI_Online_Karnataka,Udupi,Not Applicable
Karnataka,Udupi-Food and Civil Supplies - FCS,RTI_Online_Karnataka,Udupi,Not Applicable
Karnataka,Udupi-Hebri-Rural Development and Panchayat Raj-RDPR(T.P),RTI_Online_Karnataka,Udupi,Hebri
Karnataka,Udupi-Kapu-Rural Development and Panchayat Raj-RDPR(T.P),RTI_Online_Karnataka,Udupi,Kapu
Karnataka,Udupi-Karkal-Rural Development and Panchayat Raj-RDPR(T.P),RTI_Online_Karnataka,Udupi,Karkal
Karnataka,Udupi-Kundapura-Rural Development and Panchayat Raj-RDPR(T.P),RTI_Online_Karnataka,Udupi,Kundapura
Karnataka,Udupi-LABOUR,RTI_Online_Karnataka,Udupi,Not Applicable
Karnataka,"Udupi-Office of The Joint Director, Department of Agriculture",RTI_Online_Karnataka,Udupi,Not Applicable
Karnataka,Udupi-Public Works Department - PWD,RTI_Online_Karnataka,Udupi,Not Applicable
Karnataka,Udupi-REVENUE,RTI_Online_Karnataka,Udupi,Not Applicable
Karnataka,Udupi-Rural Development and Panchayat Raj-RDPR(Z.P),RTI_Online_Karnataka,Udupi,NA
Karnataka,Udupi-Udupi-Rural Development and Panchayat Raj-RDPR(T.P),RTI_Online_Karnataka,Udupi,Udupi
Karnataka,Udupi-Urban Development Cell - DUDC,RTI_Online_Karnataka,Udupi,Not Applicable
Karnataka,"University of Agricultural Sciences, Dharwad",RTI_Online_Karnataka,State Level / Not Applicable,Not Applicable
Karnataka,"University of Agricultural Sciences,Raichur",RTI_Online_Karnataka,State Level / Not Applicable,Not Applicable
Karnataka,"University of Horticultural Sciences, Bagalkot",RTI_Online_Karnataka,State Level / Not Applicable,Not Applicable
Karnataka,Uttara Kannada - District Court,RTI_Online_Karnataka,Uttara Kannada,
Karnataka,"Uttara Kannada - District Institute Of Education and Training(DIET), Sirsi",RTI_Online_Karnataka,Uttara Kannada,
Karnataka,"Uttara Kannada - Karnataka Maharshi Valmiki Scheduled Tribes Development Corporation Ltd, Karwar",RTI_Online_Karnataka,Uttara Kannada,Not Applicable
Karnataka,"Uttara Kannada - Office of The District Skill Development Officer, Skill Development Department",RTI_Online_Karnataka,Uttara Kannada,Not Applicable
Karnataka,"Uttara Kannada - Office of The District officer, Minority Welfare Department, Karwar",RTI_Online_Karnataka,Uttara Kannada,Not Applicable
Karnataka,"Uttara Kannada - Office of the Deputy Director (Administration) Department of School Education, Sirsi",RTI_Online_Karnataka,Uttara Kannada,
Karnataka,"Uttara Kannada - Office of the Deputy Director (Admn),Department of School Education,Karwar",RTI_Online_Karnataka,Uttara Kannada,
Karnataka,"Uttara Kannada - Office of the Deputy Director, District Treasury, Karwar",RTI_Online_Karnataka,Uttara Kannada,Not Applicable
Karnataka,Uttara Kannada- Office of The Superintendent of Police,RTI_Online_Karnataka,Uttara Kannada,Not Applicable
Karnataka,Uttara Kannada-Ankola-Rural Development and Panchayat Raj-RDPR(T.P),RTI_Online_Karnataka,Uttara Kannada,Ankola
Karnataka,Uttara Kannada-Bhatkal-Rural Development and Panchayat Raj-RDPR(T.P),RTI_Online_Karnataka,Uttara Kannada,Bhatkal
Karnataka,Uttara Kannada-Dandeli-Rural Development and Panchayat Raj-RDPR(T.P),RTI_Online_Karnataka,Uttara Kannada,Dandeli
Karnataka,Uttara Kannada-Deputy Director of Land Records-DDLR,RTI_Online_Karnataka,Uttara Kannada,Not Applicable
Karnataka,Uttara Kannada-District Registrar - DR,RTI_Online_Karnataka,Uttara Kannada,Not Applicable
Karnataka,Uttara Kannada-Food and Civil Supplies - FCS,RTI_Online_Karnataka,Uttara Kannada,Not Applicable
Karnataka,Uttara Kannada-Haliyal-Rural Development and Panchayat Raj-RDPR(T.P),RTI_Online_Karnataka,Uttara Kannada,Haliyal
Karnataka,Uttara Kannada-Honnavar-Rural Development and Panchayat Raj-RDPR(T.P),RTI_Online_Karnataka,Uttara Kannada,Honnavar
Karnataka,Uttara Kannada-Karwar-Rural Development and Panchayat Raj-RDPR(T.P),RTI_Online_Karnataka,Uttara Kannada,Karwar
Karnataka,Uttara Kannada-Kumta-Rural Development and Panchayat Raj-RDPR(T.P),RTI_Online_Karnataka,Uttara Kannada,Kumta
Karnataka,Uttara Kannada-LABOUR,RTI_Online_Karnataka,Uttara Kannada,Not Applicable
Karnataka,Uttara Kannada-Mundgod-Rural Development and Panchayat Raj-RDPR(T.P),RTI_Online_Karnataka,Uttara Kannada,Mundgod
Karnataka,Uttara Kannada-Public Works Department - PWD,RTI_Online_Karnataka,Uttara Kannada,Not Applicable
Karnataka,Uttara Kannada-REVENUE,RTI_Online_Karnataka,Uttara Kannada,Not Applicable
Karnataka,Uttara Kannada-Rural Development and Panchayat Raj-RDPR(Z.P),RTI_Online_Karnataka,Uttara Kannada,NA
Karnataka,Uttara Kannada-Siddapur-Rural Development and Panchayat Raj-RDPR(T.P),RTI_Online_Karnataka,Uttara Kannada,Siddapur
Karnataka,Uttara Kannada-Sirsi-Rural Development and Panchayat Raj-RDPR(T.P),RTI_Online_Karnataka,Uttara Kannada,Sirsi
Karnataka,Uttara Kannada-Urban Development Cell - DUDC,RTI_Online_Karnataka,Uttara Kannada,Not Applicable
Karnataka,Uttara Kannada-Yellapur-Rural Development and Panchayat Raj-RDPR(T.P),RTI_Online_Karnataka,Uttara Kannada,Yellapur
Karnataka,Uttara Kannada-joida-Rural Development and Panchayat Raj-RDPR(T.P),RTI_Online_Karnataka,Uttara Kannada,joida
Karnataka,"Uttara kannada - Office of The Joint Director,District Industrial Centre, Dept of Ind & Comm",RTI_Online_Karnataka,Uttara kannada,Not Applicable
Karnataka,Uttarakannada - District Training Institute (Sirsi),RTI_Online_Karnataka,Uttarakannada,Not Applicable
Karnataka,"Uttarakannada - Office of The Assistant Director, Department of Agricultural Marketing, Sirsi",RTI_Online_Karnataka,Uttarakannada,Not Applicable
Karnataka,"Uttarakannada - Office of the Deputy Director, Department of Sericulture, Sirsi",RTI_Online_Karnataka,Uttarakannada,Not Applicable
Karnataka,"Uttarakannada - Office of the Deputy Director, School Education Department(Pre University), Karwar",RTI_Online_Karnataka,Uttarakannada,
Karnataka,"Uttarakannada - Office of the District Scheduled Tribes Welfare Department, Karawara",RTI_Online_Karnataka,Uttarakannada,Not Applicable
Karnataka,Uttarakannada- District Consumer Disputes and Redressal Commission,RTI_Online_Karnataka,Uttarakannada,Not Applicable
Karnataka,Uttarakannada- Karwar Institute of Medical Sciences,RTI_Online_Karnataka,Uttarakannada,Not Applicable
Karnataka,Uttarakannada- Office of The Assistant Commissioner Muzarai,RTI_Online_Karnataka,Uttarakannada,Not Applicable
Karnataka,"Uttarakannada- Office of The Deputy Director, Department of Horticulture",RTI_Online_Karnataka,Uttarakannada,Not Applicable
Karnataka,"Uttarakannada- Office of The Deputy Director, Department of Social Welfare",RTI_Online_Karnataka,Uttarakannada,Not Applicable
Karnataka,Uttarakannada- Office of The District Health and Family Welfare officer,RTI_Online_Karnataka,Uttarakannada,Not Applicable
Karnataka,"Uttarakannada- Office of The District Officer, Backward Classes Welfare Department",RTI_Online_Karnataka,Uttarakannada,Not Applicable
Karnataka,"Uttarakannada- Office of the Assistant Executive Engineer, Karnataka Housing Board",RTI_Online_Karnataka,Uttarakannada,Not Applicable
Karnataka,"Uttarakannada- Office of the Deputy Director, Department of Women and Child Development",RTI_Online_Karnataka,Uttarakannada,Not Applicable
Karnataka,"Uttarakannada- Office of the Joint Director, Department of Agriculture",RTI_Online_Karnataka,Uttarakannada,Not Applicable
Karnataka,"Uttarakannada-Office of The Deputy Director, Department of Animal Husbandary and Veterinary Service",RTI_Online_Karnataka,Uttarakannada,Not Applicable
Karnataka,Vadi-Shahbad Planning Authority,RTI_Online_Karnataka,Vadi,Not Applicable
Karnataka,"Vijayanagar - Office of the Deputy Director, District Treasury, Hospet",RTI_Online_Karnataka,Vijayanagar,Not Applicable
Karnataka,Vijayanagara - District Court,RTI_Online_Karnataka,Vijayanagara,
Karnataka,Vijayanagara - District Urban Development cell,RTI_Online_Karnataka,Vijayanagara,
Karnataka,"Vijayanagara - Office of The Deputy Director, Department of Social Welfare",RTI_Online_Karnataka,Vijayanagara,
Karnataka,"Vijayanagara - Office of The District Health and Family Welfare Officer,Hospet",RTI_Online_Karnataka,Vijayanagara,
Karnataka,"Vijayanagara - Office of The District Skill Development Officer, Skill Development Department",RTI_Online_Karnataka,Vijayanagara,Not Applicable
Karnataka,"Vijayanagara - Office of The Senior Geologist, Department of Mines and Geology",RTI_Online_Karnataka,Vijayanagara,
Karnataka,"Vijayanagara - Office of the Joint Director, Department of Agriculture",RTI_Online_Karnataka,Vijayanagara,Not Applicable
Karnataka,"Vijayanagara - Office of the Labour Officer, Department of Labour",RTI_Online_Karnataka,Vijayanagara,Not Applicable
Karnataka,Vijayanagara - REVENUE,RTI_Online_Karnataka,Vijayanagara,Not Applicable
Karnataka,Vijayanagara Sri Krishnadevaraya University Bellary,RTI_Online_Karnataka,State Level / Not Applicable,Not Applicable
Karnataka,"Vijayanagara- Office of The District Officer, Backward Classes Welfare Department",RTI_Online_Karnataka,Vijayanagara,Not Applicable
Karnataka,Vijayanagara- Office of the Superintendent of Police,RTI_Online_Karnataka,Vijayanagara,Not Applicable
Karnataka,Vijayanagara-Deputy Director of Land Records-DDLR,RTI_Online_Karnataka,Vijayanagara,Not Applicable
Karnataka,"Vijayanagara-Office of the Deputy Director, Women and child development",RTI_Online_Karnataka,Vijayanagara,Not Applicable
Karnataka,"Vijayanagara-Office of the District Registrar, Department of Stamps and Registration",RTI_Online_Karnataka,Vijayanagara,Not Applicable
Karnataka,Vijayanagara-Rural Development and Panchayat Raj - RDPR(Z.P),RTI_Online_Karnataka,Vijayanagara,Not Applicable
Karnataka,Vijayapura - District Consumer Disputes Redressal Commission,RTI_Online_Karnataka,Vijayapura,Not Applicable
Karnataka,Vijayapura - District Court,RTI_Online_Karnataka,Vijayapura,
Karnataka,Vijayapura - District Institute for Education and Training (DIET),RTI_Online_Karnataka,Vijayapura,Not Applicable
Karnataka,Vijayapura - District Training Institute,RTI_Online_Karnataka,Vijayapura,Not Applicable
Karnataka,"Vijayapura - Joint Director office, Commerce and Industries department",RTI_Online_Karnataka,Vijayapura,Not Applicable
Karnataka,"Vijayapura - Office of The Assistant Director, Department of Agricultural Marketing",RTI_Online_Karnataka,Vijayapura,Not Applicable
Karnataka,"Vijayapura - Office of The Deputy Director,Department of Animal Husbandry and Veterinary Services",RTI_Online_Karnataka,Vijayapura,Not Applicable
Karnataka,Vijayapura - Office of The District Health and Family Welfare Officer,RTI_Online_Karnataka,Vijayapura,
Karnataka,"Vijayapura - Office of The District Officer, Backward Class Welfare Department",RTI_Online_Karnataka,Vijayapura,Not Applicable
Karnataka,"Vijayapura - Office of The District Skill Development Officer, Skill Development Department",RTI_Online_Karnataka,Vijayapura,Not Applicable
Karnataka,"Vijayapura - Office of the Assistant Director, Department of Youth Empowerment and Sports",RTI_Online_Karnataka,Vijayapura,Not Applicable
Karnataka,"Vijayapura - Office of the Deputy Director, Department of Women and Child Development",RTI_Online_Karnataka,Vijayapura,Not Applicable
Karnataka,"Vijayapura - Office of the Deputy Director, District Treasury",RTI_Online_Karnataka,Vijayapura,Not Applicable
Karnataka,Vijayapura - Urban Development Authority,RTI_Online_Karnataka,Vijayapura,Not Applicable
Karnataka,Vijayapura -Chadchan-Rural Development and Panchayat Raj - RDPR(T.P),RTI_Online_Karnataka,Vijayapura,Chadchan
Karnataka,"Vijayapura- Central Prison , Prison and Correctional Service Department",RTI_Online_Karnataka,Vijayapura,
Karnataka,Vijayapura- District Hospital,RTI_Online_Karnataka,Vijayapura,Not Applicable
Karnataka,"Vijayapura- Office of The Joint Director, Department of Agriculture",RTI_Online_Karnataka,Vijayapura,Not Applicable
Karnataka,Vijayapura- Office of The Superintendent of Police,RTI_Online_Karnataka,Vijayapura,Not Applicable
Karnataka,"Vijayapura- Office of the Executive Engineer, Dept of Minor Irrigation and Ground Water Development",RTI_Online_Karnataka,Vijayapura,Not Applicable
Karnataka,"Vijayapura- Regional Office, Karnataka State Pollution Control Board",RTI_Online_Karnataka,Vijayapura,Not Applicable
Karnataka,Vijayapura-Babaleshwar-Rural Development and Panchayat Raj - RDPR(T.P),RTI_Online_Karnataka,Vijayapura,Babaleshwar
Karnataka,Vijayapura-Basavana Bagevadi-Rural Development and Panchayat Raj - RDPR(T.P),RTI_Online_Karnataka,Vijayapura,Basavana Bagevadi
Karnataka,Vijayapura-City Corporation,RTI_Online_Karnataka,Vijayapura,Not Applicable
Karnataka,Vijayapura-Deputy Director of Land Records-DDLR,RTI_Online_Karnataka,Vijayapura,Not Applicable
Karnataka,Vijayapura-Devara Hippargi-Rural Development and Panchayat Raj - RDPR(T.P),RTI_Online_Karnataka,Vijayapura,Devara Hippargi
Karnataka,Vijayapura-District Registrar - DR,RTI_Online_Karnataka,Vijayapura,Not Applicable
Karnataka,Vijayapura-Food and Civil Supplies - FCS,RTI_Online_Karnataka,Vijayapura,Not Applicable
Karnataka,Vijayapura-Indi-Rural Development and Panchayat Raj - RDPR(T.P),RTI_Online_Karnataka,Vijayapura,Indi
Karnataka,Vijayapura-Kolhar-Rural Development and Panchayat Raj - RDPR (T.P),RTI_Online_Karnataka,Vijayapura,Kolhar
Karnataka,Vijayapura-LABOUR,RTI_Online_Karnataka,Vijayapura,Not Applicable
Karnataka,Vijayapura-Muddebihal-Rural Development and Panchayat Raj - RDPR(T.P),RTI_Online_Karnataka,Vijayapura,Muddebihal
Karnataka,Vijayapura-Nidagundi-Rural Development and Panchayat Raj - RDPR(T.P),RTI_Online_Karnataka,Vijayapura,Nidagundi
Karnataka,"Vijayapura-Office of the commandant, India Reserve Battalion",RTI_Online_Karnataka,Vijayapura,Not Applicable
Karnataka,Vijayapura-Public Works Department - PWD,RTI_Online_Karnataka,Vijayapura,Not Applicable
Karnataka,Vijayapura-REVENUE,RTI_Online_Karnataka,Vijayapura,Not Applicable
Karnataka,Vijayapura-Rural Development and Panchayat Raj - RDPR(Z.P),RTI_Online_Karnataka,Vijayapura,NA
Karnataka,Vijayapura-Sindgi-Rural Development and Panchayat Raj - RDPR (T.P),RTI_Online_Karnataka,Vijayapura,Sindgi
Karnataka,Vijayapura-Talikote-Rural Development and Panchayat Raj - RDPR(T.P),RTI_Online_Karnataka,Vijayapura,Talikote
Karnataka,Vijayapura-Tikota-Rural Development and Panchayat Raj - RDPR(T.P),RTI_Online_Karnataka,Vijayapura,Tikota
Karnataka,Vijayapura-Urban Development Cell - DUDC,RTI_Online_Karnataka,Vijayapura,Not Applicable
Karnataka,Vijayapura-Vijayapura-Rural Development and Panchayat Raj - RDPR(T.P),RTI_Online_Karnataka,Vijayapura,Vijayapura
Karnataka,Visvesvaraya Jala Nigam Limited,RTI_Online_Karnataka,State Level / Not Applicable,Not Applicable
Karnataka,Visvesvaraya Trade Promotion Centre (VTPC),RTI_Online_Karnataka,VTPC,Not Applicable
Karnataka,"Yadagir - Joint Director office, Commerce and Industries department",RTI_Online_Karnataka,Yadagir,Not Applicable
Karnataka,Yadgir - District Consumer Disputes Redressal Commission,RTI_Online_Karnataka,Yadgir,Not Applicable
Karnataka,Yadgir - District Court,RTI_Online_Karnataka,Yadgir,
Karnataka,Yadgir - District Training Institute,RTI_Online_Karnataka,Yadgir,Not Applicable
Karnataka,Yadgir - Office of The District Health and Family Welfare Officer,RTI_Online_Karnataka,Yadgir,
Karnataka,"Yadgir - Office of The District Skill Development Officer, Skill Development Department",RTI_Online_Karnataka,Yadgir,Not Applicable
Karnataka,"Yadgir - Office of the Deputy Director, Backward Class Welfare Department",RTI_Online_Karnataka,Yadgir,Not Applicable
Karnataka,"Yadgir - Office of the Deputy Director, Department of Animal Husbandry and Veterinary Services",RTI_Online_Karnataka,Yadgir,Not Applicable
Karnataka,"Yadgir - Office of the Deputy Director, District Treasury",RTI_Online_Karnataka,Yadgir,Not Applicable
Karnataka,"Yadgir -Office of The Assistant Director, Department of Agricultural Marketing",RTI_Online_Karnataka,Yadgir,Not Applicable
Karnataka,"Yadgir- Office of The Deputy Director, Department of Women and Child Development",RTI_Online_Karnataka,Yadgir,Not Applicable
Karnataka,Yadgir- Office of The Superintendent of Police,RTI_Online_Karnataka,Yadgir,Not Applicable
Karnataka,Yadgir-Deputy Director of Land Records-DDLR,RTI_Online_Karnataka,Yadgir,Not Applicable
Karnataka,Yadgir-District Registrar - DR,RTI_Online_Karnataka,Yadgir,Not Applicable
Karnataka,Yadgir-Food and Civil Supplies - FCS,RTI_Online_Karnataka,Yadgir,Not Applicable
Karnataka,Yadgir-Gurumitkal-Rural Development and Panchayat Raj-RDPR(T.P),RTI_Online_Karnataka,Yadgir,Gurumitkal
Karnataka,Yadgir-Hunasagi-Rural Development and Panchayat Raj-RDPR(T.P),RTI_Online_Karnataka,Yadgir,Hunasagi
Karnataka,Yadgir-LABOUR,RTI_Online_Karnataka,Yadgir,Not Applicable
Karnataka,Yadgir-Public Works Department - PWD,RTI_Online_Karnataka,Yadgir,Not Applicable
Karnataka,Yadgir-REVENUE,RTI_Online_Karnataka,Yadgir,Not Applicable
Karnataka,Yadgir-Rural Development and Panchayat Raj-RDPR(Z.P),RTI_Online_Karnataka,Yadgir,NA
Karnataka,Yadgir-Shahpur-Rural Development and Panchayat Raj-RDPR(T.P),RTI_Online_Karnataka,Yadgir,Shahpur
Karnataka,Yadgir-Shorapur-Rural Development and Panchayat Raj-RDPR(T.P),RTI_Online_Karnataka,Yadgir,Shorapur
Karnataka,Yadgir-Urban Development Cell - DUDC,RTI_Online_Karnataka,Yadgir,Not Applicable
Karnataka,Yadgir-Vadagera-Rural Development and Panchayat Raj-RDPR(T.P),RTI_Online_Karnataka,Yadgir,Vadagera
Karnataka,Yadgir-Yadgir-Rural Development and Panchayat Raj-RDPR(T.P),RTI_Online_Karnataka,Yadgir,Yadgir
