Department,District,Block
"Additional Director General of Police, Communication, Logistics and Modernisation Bengaluru",State Level / Not Applicable,NA
Administrative Training Institute(Mysuru),Mysuru,NA
"Arasikere Planning Authority, Arasikere",Arasikere,NA
"Arbitration and Conciliation Centre-Bangalore, HCK",NA,NA
Badami Town Planning Authority,NA,NA
Bagalkot-Badami-Rural Development and Panchayat Raj - RDPR(T.P),Bagalkot,Badami
Bagalkot-Bagalkot-Rural Development and Panchayat Raj - RDPR(T.P),Bagalkot,Bagalkot
Bagalkot-Bilgi-Rural Development and Panchayat Raj - RDPR(T.P),Bagalkot,Bilgi
"Bagalkot - College of Teachers Education, Jamakandi",Bagalkot,Not Applicable
Bagalkot - Department of Physicaly disabled and Senior Citizens,Bagalkot,Not Applicable
Bagalkot-Deputy Director of Land Records-DDLR,Bagalkot,Not Applicable
Bagalkot - District Consumer Disputes Redressal Commission,Bagalkot,Not Applicable
Bagalkot-District Registrar - DR,Bagalkot,Not Applicable
Bagalkot - District Training Institute,Bagalkot,Not Applicable
Bagalkot-Food and Civil Supplies - FCS,Bagalkot,Not Applicable
"Bagalkot - General Manager, Rehabiliation and Resettlement, Land Acquisition,U.K.P Navanagar",Bagalkot,Not Applicable
Bagalkot-Guledgudda-Rural Development and Panchayat Raj - RDPR(T.P),Bagalkot,Guledgudda
Bagalkot-Hunagunda-Rural Development and Panchayat Raj - RDPR(T.P),Bagalkot,Hunagunda
Bagalkot-Ilkal-Rural Development and Panchayat Raj - RDPR(T.P),Bagalkot,Ilkal
Bagalkot-Jamkhandi-Rural Development and Panchayat Raj - RDPR(T.P),Bagalkot,Jamkhandi
Bagalkot - Karnataka Maharshi Valmiki Scheduled Tribes Development Corporation Ltd,Bagalkot,Not Applicable
Bagalkot - Karnataka Urban Water Supply and Sewage Board,Bagalkot,Not Applicable
Bagalkot-Labour Department,Bagalkot,Not Applicable
Bagalkot-Mudhol-Rural Development and Panchayat Raj - RDPR(T.P),Bagalkot,Mudhol
"Bagalkot - Office of the Assiatant Director, Department of Kannada and Culture",Bagalkot,Not Applicable
"Bagalkot - Office of The Assistant Director, Department of Agricultural Marketing",Bagalkot,Not Applicable
"Bagalkot - Office of the Assistant Director, Department of Information and Public Relations",Bagalkot,Not Applicable
"Bagalkot- Office of The Chief Engineer (Electricity),Transmission zone ,KPTCL",Bagalkot,Not Applicable
"Bagalkot- Office of The Deputy Commissioner, Department of Excise",Bagalkot,Not Applicable
"Bagalkot - Office of the Deputy Director, Department of Animal Husbandry and Veterinary Services",Bagalkot,Not Applicable
"Bagalkot - Office of the Deputy Director, Department of Handlooms and Textiles",Bagalkot,Not Applicable
"Bagalkot - Office of the Deputy Director, Department of Horticulture",Bagalkot,Not Applicable
"Bagalkot - Office of the Deputy Director, Department of Pre University Education",Bagalkot,Not Applicable
"Bagalkot - Office of The Deputy Director, Department of Public Instruction",Bagalkot,Not Applicable
"Bagalkot - Office of the Deputy Director, Department of Sericulture",Bagalkot,Not Applicable
"Bagalkot - Office of The Deputy Director, Department of Social Welfare",Bagalkot,Not Applicable
"Bagalkot - Office of the Deputy Director, Department of Women and Child Development",Bagalkot,Not Applicable
"Bagalkot - Office of the Deputy Director, District Treasury",Bagalkot,Not Applicable
"Bagalkot - Office of The Deputy Director, Fisheries Department",Bagalkot,Not Applicable
Bagalkot - Office of The District Health and Family Welfare Officer,Bagalkot,Not Applicable
"Bagalkot - Office of The District Officer, Department of Backward Classes Welfare",Bagalkot,Not Applicable
"Bagalkot - Office of the District officer, Minority Welfare Department",Bagalkot,Not Applicable
"Bagalkot - Office of The District Skill Development Officer, Skill Development Department",Bagalkot,Not Applicable
"Bagalkot- Office of the Joint Director, Department of Agriculture",Bagalkot,Not Applicable
"Bagalkot- Office of The Joint Director, District Industrial Centre, Dept of Industries and Commerce",Bagalkot,Not Applicable
Bagalkot- Office of The Superintendent of Police,Bagalkot,Not Applicable
Bagalkot-Public Works Department - PWD,Bagalkot,Not Applicable
Bagalkot-Rabkavi Banhatti-Rural Development and Panchayat Raj - RDPR(T.P),Bagalkot,Rabkavi Banhatti
"Bagalkot - Regional Office, Karnataka State Pollution Control Board",Bagalkot,Not Applicable
Bagalkot-REVENUE,Bagalkot,Not Applicable
Bagalkot-Rural Development and Panchayat Raj - RDPR(Z.P),Bagalkot,NA
Bagalkot University,NA,Not Applicable
Bagalkot - Urban Development Authority,Bagalkot,Not Applicable
Bagalkot-Urban Development Cell - DUDC,Bagalkot,Not Applicable
Ballari-Ballari-Rural Development and Panchayat Raj - RDPR(T.P),Ballari,Ballari
Ballari-City Corporation,Ballari,Not Applicable
Ballari-Deputy Director of Land Records-DDLR,Ballari,Not Applicable
Ballari-District Consumer disputes Redressal commission,Ballari,Not Applicable
Ballari- District Hospital,Ballari,Not Applicable
Ballari - District Institute for Education and Training(DIET),Ballari,Not Applicable
Ballari-District Registrar - DR,Ballari,Not Applicable
Ballari - District Training Institute,Ballari,Not Applicable
Ballari-Food and Civil Supplies - FCS,Ballari,Not Applicable
Ballari-Hagaribommanahalli-Rural Development and Panchayat Raj - RDPR(T.P),Ballari,Hagaribommanahalli
Ballari-Harappanahalli-Rural Development and Panchayat Raj - RDPR(T.P),Ballari,Harappanahalli
Ballari-Hoovina Hadagali-Rural Development and Panchayat Raj - RDPR(T.P),Ballari,Hoovina Hadagali
Ballari-Hosapete-Rural Development and Panchayat Raj - RDPR(T.P),Ballari,Hosapete
Ballari - Karnataka Maharshi Valmiki Scheduled Tribes Development Corporation Ltd,Ballari,Not Applicable
Ballari-Kudligi-Rural Development and Panchayat Raj - RDPR(T.P),Ballari,Kudligi
Ballari-LABOUR,Ballari,Not Applicable
"Ballari Medical College and Research Centre,Ballari",ballari,NA
"Ballari- Office of The Deputy Commissioner of Excise, Department of Excise",Ballari,Not Applicable
"Ballari - Office of The Deputy Director, Agricultural Marketing Department",Ballari,Not Applicable
"Ballari- Office of The Deputy Director, Department of Animal Husbandry and Veterinary Services",Ballari,Not Applicable
"Ballari- Office of The Deputy Director, Department of Handlooms and Textiles",Ballari,Not Applicable
"Ballari- Office of The Deputy Director, Department of Pre University Education",Ballari,Not Applicable
"Ballari- Office of The Deputy Director, Department of Public Instruction",Ballari,Not Applicable
"Ballari- Office of The Deputy Director, Department of Social Welfare",Ballari,Not Applicable
"Ballari - Office of The Deputy Director, Department of Tourism",Ballari,Not Applicable
"Ballari- Office of The Deputy Director, Department of Women and Child Development",Ballari,Not Applicable
"Ballari - Office of The Deputy Director, District Treasury",Ballari,Not Applicable
"Ballari-Office of The District Officer, Backward Class Welfare Department",Ballari,Not Applicable
"Ballari - Office of The District officer, Minority Welfare Department",Ballari,Not Applicable
"Ballari - Office of The District Skill Development Officer, Skill Development Department",Ballari,Not Applicable
"Ballari - Office of The Executive Engineer, Dept of Minor Irrigation and Ground Water Development",Ballari,Not Applicable
"Ballari- Office of The Joint Director, Department of Agriculture",Ballari,Not Applicable
"Ballari - Office of The Joint Director, District Industrial Centre, Dept of Ind & Comm",Ballari,Not Applicable
"Ballari- Office of The Registrar of Co-operative Societies, Department of Co-operation",Ballari,Not Applicable
"Ballari- Office of The Senior Assistant Director, Department of Fisheries",Ballari,Not Applicable
"Ballari- Office of The Senior Geologist, Department of Mines and Geology",Ballari,Not Applicable
Ballari- Office of The Superintendent of Police,Ballari,Not Applicable
Ballari-Public Works Department - PWD,Ballari,Not Applicable
"Ballari- Regional Office, Karnataka State Pollution Control Board",Ballari,Not Applicable
Ballari-REVENUE,Ballari,Not Applicable
Ballari-Rural Development and Panchayat Raj - RDPR(Z.P),Ballari,NA
Ballari-Sanduru-Rural Development and Panchayat Raj - RDPR(T.P),Ballari,Sanduru
Ballari-Siruguppa-Rural Development and Panchayat Raj - RDPR(T.P),Ballari,Siruguppa
Ballari -Sub Regional Science Center,Ballari,Not Applicable
Ballari Urban Development Authority (BUDA),BUDA,Not Applicable
Ballari-Urban Development Cell - DUDC,Ballari,Not Applicable
Bangalore-Department of Electrical Inspectorate(Head office),Bangalore,Not Applicable
Bangalore-Department of Electrical Inspectorate(North),Bangalore,Not Applicable
Bangalore-Department of Electrical Inspectorate(South),Bangalore,Not Applicable
Bangalore Development Authority (BDA),NA,Not Applicable
Bangalore Electricity Supply Company Ltd (BESCOM),NA,Not Applicable
"Bangalore Mediation Centre, HCK",NA,Not Applicable
Bangalore Medical College and Research Institute,NA,Not Applicable
Bangalore Metropolitan Transport Corporation (BMTC),NA,Not Applicable
Bangalore Metro Rail Corporation Ltd. (BMRCL),NA,Not Applicable
Bangalore water supply and sewage board(Administration),NA,Not Applicable
Bangalore water supply and sewage board(Design),NA,Not Applicable
Bangalore water supply and sewage board(East),Banglore east,Not Applicable
Bangalore water supply and sewage board(Finance),NA,Not Applicable
Bangalore water supply and sewage board(Kaveri Project),NA,Not Applicable
Bangalore water supply and sewage board(West),NA,Not Applicable
Bangalore water supply and sewage board(WWM-110V),NA,Not Applicable
Bangalore water supply and sewage board(WWM) - East,Banglore east,Not Applicable
Bangalore Water Supply And Sewerage Board (Kaveri Operation And Maintenance),NA,Not Applicable
Bangalore Water Supply And Sewerage Board (North),North,Not Applicable
Bangalore Water Supply And Sewerage Board (South),South,Not Applicable
Bangalore Water Supply And Sewerage Board(WWM) - West,Bangalore West,Not Applicable
Bantwal Planning Authority,bantal,Not Applicable
Belagavi-Athni-Rural Development and Panchayat Raj - RDPR(T.P),Belagavi,Athni
Belagavi-Bailahongal-Rural Development and Panchayat Raj - RDPR(T.P),Belagavi,Bailahongal
Belagavi-Belagavi-Rural Development and Panchayat Raj - RDPR(T.P),Belagavi,Belagavi
Belagavi-Chikkodi-Rural Development and Panchayat Raj - RDPR(T.P),Belagavi,Chikkodi
Belagavi-City Corporation,Belagavi,Not Applicable
Belagavi-Deputy Director of Land Records-DDLR,Belagavi,Not Applicable
Belagavi-District Consumer Disputes and Redressal Commission,Belagavi,Not Applicable
Belagavi-District Registrar - DR,Belagavi,Not Applicable
Belagavi - District Scheduled Tribes Welfare Department,Belagavi,Not Applicable
Belagavi - District Training Institute,Belagavi,Not Applicable
Belagavi-Food and Civil Supplies - FCS,Belagavi,Not Applicable
Belagavi-Gokak-Rural Development and Panchayat Raj - RDPR(T.P),Belagavi,Gokak
Belagavi - Government College of Teachers Education,Belagavi,Not Applicable
Belagavi-Hukkeri-Rural Development and Panchayat Raj - RDPR(T.P),Belagavi,Hukkeri
"Belagavi Institute of Medical sciences, Belagavi",State Level / Not Applicable,Not Applicable
"Belagavi -Joint Director office, Commerce and Industries Department",Belagavi,Not Applicable
Belagavi-Kagawad-Rural Development and Panchayat Raj - RDPR(T.P),Belagavi,Kagawad
Belagavi - Karnataka Maharshi Valmiki Scheduled Tribes Development Corporation Ltd,Belagavi,Not Applicable
Belagavi- Karnataka Slum Development Board,Belagavi,Not Applicable
Belagavi-Khanapur-Rural Development and Panchayat Raj - RDPR(T.P),Belagavi,Khanapur
Belagavi-Kittur-Rural Development and Panchayat Raj - RDPR(T.P),Belagavi,Kittur
Belagavi-LABOUR,Belagavi,Not Applicable
Belagavi-Mudalagi-Rural Development and Panchayat Raj - RDPR(T.P),Belagavi,Mudalagi
Belagavi-Nippani-Rural Development and Panchayat Raj - RDPR(T.P),Belagavi,Nippani
"Belagavi- Office of The Additional Director, Department of Social Welfare",Belagavi,Not Applicable
Belagavi- Office of the commissioner of police,Belagavi,Not Applicable
"Belagavi - Office of the Deputy Director (Administration), Department of School Education",Belagavi,Not Applicable
"Belagavi - Office of The Deputy Director, Department of Agricultural Marketing",Belagavi,Not Applicable
"Belagavi-Office of The Deputy Director, Department of Horticulture",Belagavi,Not Applicable
"Belagavi - Office of the Deputy Director, Department of School Education, Chikkodi",Belagavi,Not Applicable
"Belagavi - Office of the Deputy Director, Department of School Education(Pre University)",Belagavi,Not Applicable
"Belagavi - Office of the Deputy Director, Department of School Education(Pre University) Chikkodi",Belagavi,Not Applicable
"Belagavi-Office of The Deputy Director, Department of Sericulture",Belagavi,Not Applicable
"Belagavi- Office of The Deputy Director, Department of Women and Child Development",Belagavi,Not Applicable
Belagavi - Office of The District Health and Family Welfare Officer,Belagavi,Not Applicable
"Belagavi-Office of the District officer, Backward Classes welfare department",Belagavi,Not Applicable
"Belagavi - Office of The District officer, Minority Welfare Department",Belagavi,Not Applicable
"Belagavi - Office of The District Skill Development Officer, Skill Development Department",Belagavi,Not Applicable
"Belagavi- Office of The Joint Director, Department of Agriculture",Belagavi,Not Applicable
"Belagavi - Office of the Joint Director, District Treasury",Belagavi,Not Applicable
Belagavi-Office of the Joint Registrar of Cooperative Societies,Belagavi,Not Applicable
"Belagavi- Office of the Superintendent Engineer, Department of Minor Irrigation and Groundwater Dev",Belagavi,Not Applicable
Belagavi- Office of The Superintendent of Police,Belagavi,Not Applicable
Belagavi-Public Works Department - PWD,Belagavi,Not Applicable
Belagavi-Ramdurga-Rural Development and Panchayat Raj - RDPR(T.P),Belagavi,Ramdurga
Belagavi-Raybag-Rural Development and Panchayat Raj - RDPR(T.P),Belagavi,Raybag
Belagavi-REVENUE,Belagavi,Not Applicable
Belagavi-Rural Development and Panchayat Raj - RDPR(Z.P),Belagavi,NA
Belagavi-Saundatti-Rural Development and Panchayat Raj - RDPR(T.P),Belagavi,Saundatti
Belagavi - Urban Development Authority,Belagavi,Not Applicable
Belagavi-Urban Development Cell - DUDC,Belagavi,Not Applicable
"Bengaluru - Joint Director of Town and Country Planning, Divisional Office",Bengaluru,Not Applicable
Bengaluru Metropolitan Region Development Authority(BMRDA),BMRDA,Not Applicable
Bengaluru North - District Institute for Education and Training (DIET),Bengaluru North,Not Applicable
"Bengaluru North - Office of the Deputy Director, Department of School Education(Pre University)",Bengaluru North,Not Applicable
"Bengaluru- Office of The Chief Engineer (Electricity),RT&R&D KPTCL,Corporate Office",Bengaluru,Not Applicable
"Bengaluru- Office of The Chief Engineer (Electricity),Transmission zone, KPTCL",Bengaluru,Not Applicable
Bengaluru rural and Bengaluru urban 1st Additional district consumer disputes redressal commission,State Level / Not Applicable,Not Applicable
Bengaluru Rural- Department Of Skill Development,Bengaluru Rural,Not Applicable
Bengaluru Rural-Deputy Director of Land Records-DDLR,Bengaluru Rural,Not Applicable
Bengaluru Rural-Devanahalli-Rural Development and Panchayat Raj - RDPR(T.P),Bengaluru Rural,Devanahalli
Bengaluru Rural - District Institute for Education and Training (DIET),Bengaluru Rural,Not Applicable
Bengaluru Rural-District Registrar - DR,Bengaluru Rural,Not Applicable
Bengaluru Rural - District Training Institute,Bengaluru Rural,Not Applicable
Bengaluru Rural-Doddaballapura-Rural Development and Panchayat Raj - RDPR(T.P),Bengaluru Rural,Doddaballapura
Bengaluru Rural-Food and Civil Supplies - FCS,Bengaluru Rural,Not Applicable
Bengaluru Rural-Hoskote-Rural Development and Panchayat Raj - RDPR(T.P),Bengaluru Rural,Hoskote
Bengaluru Rural- Karnataka Lokayukta Police,Bengaluru Rural,Not Applicable
Bengaluru Rural-LABOUR,Bengaluru Rural,Not Applicable
Bengaluru Rural-Nelamangala-Rural Development and Panchayat Raj - RDPR(T.P),Bengaluru Rural,Nelamangala
"Bengaluru Rural-Office of The Assistant Director ,Department of Tourism",Bengaluru Rural,Not Applicable
"Bengaluru Rural- Office of The Assistant Director, Department of Youth Empowerment and Sports",Bengaluru Rural,Not Applicable
"Bengaluru Rural- Office of The Deputy commissioner, Department of Excise",Bengaluru Rural,Not Applicable
"Bengaluru Rural- Office of The Deputy Director, Department of Public Instruction",Bengaluru Rural,Not Applicable
"Bengaluru Rural - Office of the Deputy Director, Department of School Education(Pre University)",Bengaluru Rural,Not Applicable
"Bengaluru Rural- Office of The Deputy Director, Department of Sericulture",Bengaluru Rural,Not Applicable
"Bengaluru Rural-Office of The Deputy Director, Department of Social Welfare",Bengaluru Rural,Not Applicable
"Bengaluru Rural-Office of The Deputy Director, Department of Women and Child Development",Bengaluru Rural,Not Applicable
"Bengaluru Rural-Office of The Deputy Director, Dept of Animal Husbandry and Veterinary Services",Bengaluru Rural,Not Applicable
"Bengaluru Rural - Office of the Deputy Director, District Treasury",Bengaluru Rural,Not Applicable
"Bengaluru Rural - Office of The Deputy Director, Fisheries Department",Bengaluru Rural,Not Applicable
Bengaluru Rural- Office of The District Health and Family Welfare Officer,Bengaluru Rural,Not Applicable
"Bengaluru Rural- Office of The District Office, Department of Backward Classes Welfare",Bengaluru Rural,Not Applicable
"Bengaluru Rural- Office of The District Officer, Minority Welfare Department",Bengaluru Rural,Not Applicable
"Bengaluru Rural- Office of The District Statistical Officer, Department of Statistics",Bengaluru Rural,Not Applicable
"Bengaluru Rural- Office of The Joint Director, Department of Agriculture",Bengaluru Rural,Not Applicable
"Bengaluru Rural- Office of The Joint Director, District Industrial Centre, Department of Industries and Commerce",Bengaluru Rural,Not Applicable
Bengaluru Rural- Office of The Superintendent of Police,Bengaluru Rural,Not Applicable
Bengaluru Rural-Public Works Department - PWD,Bengaluru Rural,Not Applicable
Bengaluru Rural-REVENUE,Bengaluru Rural,Not Applicable
Bengaluru Rural-Rural Development and Panchayat Raj - RDPR(Z.P),Bengaluru Rural,NA
Bengaluru Rural-Urban Development Cell - DUDC,Bengaluru Rural,Not Applicable
Bengaluru South - Channapatna-Rural Development and Panchayat Raj-RDPR(T.P),Bengaluru South,Channapatna
Bengaluru South - Department of Physicaly disabled and Senior Citizens,Bengaluru South,Not Applicable
"Bengaluru South - Deputy Director office, Horticulture department",Bengaluru South,Not Applicable
Bengaluru South - Deputy Director of Land Records-DDLR,Bengaluru South,Not Applicable
Bengaluru South - District Institute for Education and Training (DIET),Bengaluru South,Not Applicable
Bengaluru South - District Registrar - DR,Bengaluru South,Not Applicable
Bengaluru South - District Training Institute,Bengaluru South,Not Applicable
Bengaluru South - Food and Civil Supplies - FCS,Bengaluru South,Not Applicable
Bengaluru South-Kanakapura-Rural Development and Panchayat Raj-RDPR(T.P),Bengaluru South,Kanakapura
Bengaluru South - Karnataka State Khadi And Village Industries Board,Bengaluru South,Not Applicable
Bengaluru South - LABOUR,Bengaluru South,Not Applicable
Bengaluru South - Magadi-Rural Development and Panchayat Raj-RDPR(T.P),Bengaluru South,Magadi
"Bengaluru South - Office of The Assiatant Director, Department of Kannada and Culture",Bengaluru South,Not Applicable
"Bengaluru South - Office of The Assistant Commissioner, Commercial Taxes Department",Bengaluru South,Not Applicable
"Bengaluru South- Office of The Assistant Controller, Department of Legal Metrology",Bengaluru South,Not Applicable
"Bengaluru South - Office of The Assistant Director, Department of Agricultural Marketing",Bengaluru South,Not Applicable
"Bengaluru South - Office of The Assistant Director, Department of Tourism",Bengaluru South,Not Applicable
"Bengaluru South- Office of the Assistant Director, Department of Youth Empowermnet and Sports",Bengaluru South,Not Applicable
"Bengaluru South - Office of The Chief Librarian, Department of Public Library",Bengaluru South,Not Applicable
"Bengaluru South - Office of the Deputy Commissioner, Department of Excise",Bengaluru South,Not Applicable
"Bengaluru South - Office of the Deputy Director (Administration), Department of School Education",Bengaluru South,Not Applicable
"Bengaluru South - Office of the Deputy Director,Department of Animal Husbandry and Veterinary Services",Bengaluru South,Not Applicable
"Bengaluru South- Office of the Deputy Director, Department of Mines and Geology",Bengaluru South,Not Applicable
"Bengaluru South - Office of the Deputy Director, Department of Pre- University education",Bengaluru South,Not Applicable
"Bengaluru South - Office of The Deputy Director, Department of Public Instruction",Bengaluru South,Not Applicable
"Bengaluru South - Office of the Deputy Director, Department of Sericulture",Bengaluru South,Not Applicable
"Bengaluru South - Office of The Deputy Director, Department of Social Welfare",Bengaluru South,Not Applicable
"Bengaluru South - Office of The Deputy Director, Department of Women and Child Development",Bengaluru South,Not Applicable
"Bengaluru South - Office of The Deputy Director, District Treasury",Bengaluru South,Not Applicable
"Bengaluru South - Office of The Deputy Director, Fisheries Department",Bengaluru South,Not Applicable
Bengaluru South - Office of The District Health and Family Welfare Officer,Bengaluru South,Not Applicable
"Bengaluru South - Office of the District Officer, Backward Class Welfare Department",Bengaluru South,Not Applicable
"Bengaluru South - Office of The District Skill Development Officer, Skill Development Department",Bengaluru South,Not Applicable
Bengaluru South - Office of the District Statistical Officer,Bengaluru South,Not Applicable
"Bengaluru South - Office of The Executive Engineer, Cauvery Neeravari Nigama Limited",Bengaluru South,Not Applicable
"Bengaluru South - Office of The Joint Director, Agriculture Department",Bengaluru South,Not Applicable
"Bengaluru South- Office of the Joint Director, District Industrial Centre, Department of Industries and Commerce",Bengaluru South,Not Applicable
"Bengaluru South - Office of the Senior Assistant Director, Department of Information and Public Relations",Bengaluru South,Not Applicable
Bengaluru South - Office of The Superintendent of Police,Bengaluru South,Not Applicable
Bengaluru South -Public Works Department - PWD,Bengaluru South,Not Applicable
Bengaluru South -Ramanagara-Rural Development and Panchayat Raj-RDPR(T.P),Bengaluru South,Ramanagara
"Bengaluru South - Regional office, Karnataka State Pollution Contol Board",Bengaluru South,Not Applicable
Bengaluru South - REVENUE,Bengaluru South,Not Applicable
Bengaluru South -Rural Development and Panchayat Raj-RDPR(Z.P),Bengaluru South,NA
Bengaluru South-Urban Development Cell - DUDC,Bengaluru South,Not Applicable
Bengaluru urban 2nd Additional district consumer disputes redressal commission,State Level / Not Applicable,Not Applicable
Bengaluru urban 3rd Additional district consumer disputes redressal commission,State Level / Not Applicable,Not Applicable
Bengaluru urban 4th Additional district consumer disputes redressal commission,State Level / Not Applicable,Not Applicable
Bengaluru Urban-Anekal-Rural Development and Panchayat Raj - RDPR(T.P),Bengaluru Urban,Anekal
Bengaluru Urban-Balavikasa Academy,Bengaluru Urban,Not Applicable
Bengaluru Urban-Bengaluru East-Rural Development and Panchayat Raj - RDPR(T.P),Bengaluru Urban,Bengaluru East
Bengaluru Urban-BengaluruNorth-Rural Development and Panchayat Raj - RDPR(T.P),Bengaluru Urban,BengaluruNorth
Bengaluru Urban-BengaluruSouth-Rural Development and Panchayat Raj - RDPR(T.P),Bengaluru Urban,BengaluruSouth
Bengaluru Urban-Deputy Director of Land Records - DDLR,Bengaluru Urban,Not Applicable
Bengaluru urban district consumer disputes redressal commission,Bengaluru Urban,Not Applicable
"Bengaluru Urban - District Institute of Education and Training South,(DIET)",Bengaluru Urban,Not Applicable
Bengaluru Urban-District Registrar - DR,Bengaluru Urban,Not Applicable
Bengaluru Urban - District Training Institute,Bengaluru Urban,Not Applicable
Bengaluru Urban-Food and Civil Supplies - FCS,Bengaluru Urban,Not Applicable
"Bengaluru Urban - Joint Director office, Commerce and Industries Department",Bengaluru Urban,Not Applicable
Bengaluru Urban- Karnataka Lokayukta Police,Bengaluru Urban,Not Applicable
Bengaluru urban - Karnataka Maharshi Valmiki Scheduled Tribes Development Corporation Ltd,Bengaluru urban,Not Applicable
Bengaluru Urban-LABOUR,Bengaluru Urban,Not Applicable
"Bengaluru Urban (North)- Office of the Deputy Director, Department of Public Instruction",Bengaluru Urban (North),Not Applicable
"Bengaluru Urban- Office of the Deputy Director, Animal Husbandary and Veterinary Services Dept",Bengaluru Urban,Not Applicable
"Bengaluru Urban-Office of the Deputy Director, Department of Backward Classes Welfare Department",Bengaluru Urban,Not Applicable
"Bengaluru Urban- Office of the Deputy Director, Department of Women and Child Development",Bengaluru Urban,Not Applicable
"Bengaluru Urban-Office of the Deputy Director,Stamp Depot,Treasury Department",Bengaluru Urban,Not Applicable
"Bengaluru Urban - Office of The District Skill Development Officer, Skill Development Department",Bengaluru Urban,Not Applicable
"Bengaluru Urban- Office of the Joint Director, Department of Social Welfare",Bengaluru Urban,Not Applicable
Bengaluru Urban-Office of the Joint Registrar of Cooperative Societies,Bengaluru Urban,Not Applicable
Bengaluru Urban- Police commissioner office,Bengaluru Urban,Not Applicable
Bengaluru Urban-Public Works Department - PWD,Bengaluru Urban,Not Applicable
Bengaluru Urban-REVENUE,Bengaluru Urban,Not Applicable
Bengaluru Urban-Rural Development and Panchayat Raj - RDPR(Z.P),Bengaluru Urban,NA
"Bengaluru Urban & Rural-Office of the Deputy director, Department Of Agricultural Marketing",Bengaluru Urban & Rural,Not Applicable
Bengaluru Urban-Urban Development Cell - DUDC,Bengaluru Urban,Not Applicable
Bengaluru Urban-Yelahanka-Rural Development and Panchayat Raj - RDPR(T.P),Bengaluru Urban,Yelahanka
Bhadra Command Area Development Authority(CADA) (Shivamogga),Shivamogga,Not Applicable
Bidar-Aurad-Rural Development and Panchayat Raj - RDPR(T.P),Bidar,Aurad
Bidar-Basavakalyana-Rural Development and Panchayat Raj - RDPR(T.P),Bidar,Basavakalyana
Bidar-Bhalki-Rural Development and Panchayat Raj - RDPR(T.P),Bidar,Bhalki
Bidar- Bidar Institute of Medical Sciences,Bidar,Not Applicable
Bidar-Bidar-Rural Development and Panchayat Raj - RDPR(T.P),Bidar,Bidar
Bidar-Chitgoppa-Rural Development and Panchayat Raj - RDPR(T.P),Bidar,Chitgoppa
"Bidar - Deputy Director office, Horticulture Department",Bidar,Not Applicable
Bidar-Deputy Director of Land Records-DDLR,Bidar,Not Applicable
Bidar - District Consumer Disputes and Redressal Commission,Bidar,Not Applicable
Bidar - District Institute for Education and Training(DIET),Bidar,Not Applicable
Bidar-District Registrar - DR,Bidar,Not Applicable
Bidar - District Training Institute,Bidar,Not Applicable
Bidar-Food and Civil Supplies - FCS,Bidar,Not Applicable
Bidar-Hularuru-Rural Development and Panchayat Raj - RDPR(T.P),Bidar,Hularuru
Bidar-Humnabad-Rural Development and Panchayat Raj - RDPR(T.P),Bidar,Humnabad
Bidar-Kamalnagar-Rural Development and Panchayat Raj - RDPR(T.P),Bidar,Kamalnagar
Bidar - Karnataka Maharshi Valmiki Scheduled Tribes Development Corporation Ltd,Bidar,Not Applicable
Bidar- Karnataka Rural Infrastructure Development Limited,Bidar,Not Applicable
"Bidar-Karnataka Veterinary and Animal husbandry, fisheries and science university",Bidar,Not Applicable
Bidar-LABOUR,Bidar,Not Applicable
"Bidar - Office of the Assistant Director, Department of Agricultural Marketing",Bidar,Not Applicable
"Bidar- Office of The Assistant Director, Department of Youth Empowerment and Sports",Bidar,Not Applicable
"Bidar - Office of The Deputy Commissioner, Department of Excise",Bidar,Not Applicable
"Bidar-Office of the Deputy Director, Department of Animal Husbandry and Veterinary Services",Bidar,Not Applicable
"Bidar - Office of the Deputy Director, Department of Public Instruction",Bidar,Not Applicable
"Bidar - Office of the Deputy Director, Department of School Education(Pre University)",Bidar,Not Applicable
"Bidar- Office of The Deputy Director, Department of Women and Child Development",Bidar,Not Applicable
"Bidar - Office of the Deputy Director, District Treasury",Bidar,Not Applicable
"Bidar - Office of the District Officer, Backward Class Welfare Department",Bidar,Not Applicable
"Bidar - Office of The District Skill Development Officer, Skill Development Department",Bidar,Not Applicable
"Bidar - Office of The Executive Engineer, Department of Minor Irrigation and Ground Water Developmen",Bidar,Not Applicable
"Bidar-Office of The Executive Engineer,Karnataka Neeravari Nigama Limited",Bidar,Not Applicable
"Bidar- Office of The Joint Director, Department of Agriculture",Bidar,Not Applicable
"Bidar- Office of The Joint Director, District Industrial Centre,Dept of Industries and Commerce",Bidar,Not Applicable
"Bidar - Office of the Senior Geologist, Department of Mines and Geology",Bidar,Not Applicable
Bidar- Office of The Superintendent of Police,Bidar,Not Applicable
Bidar-Public Works Department - PWD,Bidar,Not Applicable
"Bidar- Regional Office, Karnataka State Pollution Control Board",Bidar,Not Applicable
Bidar-REVENUE,Bidar,Not Applicable
Bidar-Rural Development and Panchayat Raj - RDPR(Z.P),Bidar,NA
Bidar-Urban Development Cell - DUDC,Bidar,Not Applicable
BMCRI Super Speciality Hospital (PMSSY),PMSSY,Not Applicable
Bruhat Bengaluru Mahanagara Palike (Bommanahalli Zone) BBMP,Bommanahalli Zone,Not Applicable
Bruhat Bengaluru Mahanagara Palike (Central Zone) BBMP,Central Zone,Not Applicable
Bruhat Bengaluru Mahanagara Palike (Dasarahalli Zone)BBMP,Dasarahalli Zone,Not Applicable
Bruhat Bengaluru Mahanagara Palike (East Zone) BBMP,East Zone,Not Applicable
Bruhat Bengaluru Mahanagara Palike (Mahadevapura Zone) BBMP,Mahadevapura Zone,Not Applicable
Bruhat Bengaluru Mahanagara Palike (Raja rajeshwarinagar Zone)BBMP,Raja rajeshwarinagar Zone,Not Applicable
Bruhat Bengaluru Mahanagara Palike (South Zone)BBMP,South Zone,Not Applicable
Bruhat Bengaluru Mahanagara Palike (West Zone)BBMP,West Zone,Not Applicable
Bruhat Bengaluru Mahanagara Palike (Yalahanka Zone) BBMP,Yalahanka Zone,Not Applicable
Central Relief Committee,NA,Not Applicable
Chamarajanagara - Karnataka Maharshi Valmiki Scheduled Tribes Development Corporation Ltd,Chamarajanagara,Not Applicable
Chamarajanagara-Karnataka Vocational training and Skill Development Corporation,Chamarajanagara,Not Applicable
"Chamarajanagara - Office of The Deputy Director, Department of Social Welfare",Chamarajanagara,Not Applicable
Chamarajanagara Urban Development Authority (CHUDA),CHUDA,Not Applicable
Chamarajanagar- Chamarajanagar Institute of Medical Sciences,Chamarajanagar,Not Applicable
Chamarajanagar-Chamarajanagar-Rural Development and Panchayat Raj - RDPR(T.P),Chamarajanagar,Chamarajanagar
"Chamarajanagar - Deputy Director office, Horticulture department",Chamarajanagar,Not Applicable
Chamarajanagar-Deputy Director of Land Records-DDLR,Chamarajanagar,Not Applicable
Chamarajanagar-District Consumer disputes Redressal commission,Chamarajanagar,Not Applicable
Chamarajanagar-District Registrar - DR,Chamarajanagar,Not Applicable
Chamarajanagar - District Training Institute,Chamarajanagar,Not Applicable
Chamarajanagar-Food and Civil Supplies - FCS,Chamarajanagar,Not Applicable
Chamarajanagar-Gundlupet-Rural Development and Panchayat Raj - RDPR(T.P),Chamarajanagar,Gundlupet
Chamarajanagar-Hanur-Rural Development and Panchayat Raj - RDPR(T.P),Chamarajanagar,Hanur
"Chamarajanagar-Industrial Training and Employment Department, District Employment Exchange Office",Chamarajanagar,Not Applicable
Chamarajanagar- Karnataka State Khadi And Village Industries Board,Chamarajanagar,Not Applicable
Chamarajanagar-Kollegal-Rural Development and Panchayat Raj - RDPR(T.P),Chamarajanagar,Kollegal
Chamarajanagar-LABOUR,Chamarajanagar,Not Applicable
"Chamarajanagar - Office of The Assistant Director, Agricultural Marketing Department",Chamarajanagar,Not Applicable
"Chamarajanagar- Office of the Deputy commissioner, Department of Excise",Chamarajanagar,Not Applicable
"Chamarajanagar - Office of The Deputy Director, Department of Pre University Eductaion",Chamarajanagar,Not Applicable
"Chamarajanagar- Office of The Deputy Director, Department of Public Instruction",Chamarajanagar,Not Applicable
"Chamarajanagar- Office of The Deputy Director, Department of Women and Child Development",Chamarajanagar,Not Applicable
"Chamarajanagar - Office of The Deputy Director,Dept of Animal Husbandry and Veterinary Services",Chamarajanagar,Not Applicable
"Chamarajanagar - Office of the Deputy Director, District Treasury",Chamarajanagar,Not Applicable
"Chamarajanagar- Office of The Deputy Director , Fisheries Department",Chamarajanagar,Not Applicable
"Chamarajanagar- Office of The District Fire Officer, Karnataka Fire and Emergency Services",Chamarajanagar,Not Applicable
Chamarajanagar - Office of The District Health and Family Welfare Officer,Chamarajanagar,Not Applicable
"Chamarajanagar - Office of the District Officer, Backward Class Welfare Department",Chamarajanagar,Not Applicable
"Chamarajanagar - Office of the District officer, Minority Welfare Department",Chamarajanagar,Not Applicable
Chamarajanagar- Office of The District Scheduled Tribes Welfare Officer,Chamarajanagar,Not Applicable
"Chamarajanagar- Office of The District Statistical Officer, Department of Statistics",Chamarajanagar,Not Applicable
"Chamarajanagar - Office of The Executive Engineer, Department of Rural Drinking Water and Sanitation",Chamarajanagar,Not Applicable
"Chamarajanagar- Office of The Joint Director, Department of Agriculture",Chamarajanagar,Not Applicable
"Chamarajanagar- Office of The Joint Director, District Industries Centre, Dept of Ind & Comm",Chamarajanagar,Not Applicable
"Chamarajanagar- Office of the Senior Geologist, Department of Mines and Geology",Chamarajanagar,Not Applicable
Chamarajanagar- Office of The Superintendent of Police,Chamarajanagar,Not Applicable
Chamarajanagar-Principal District and Sessions Court,Chamarajanagar,Not Applicable
Chamarajanagar-Public Works Department - PWD,Chamarajanagar,Not Applicable
Chamarajanagar-Rampur-Rural Development and Panchayat Raj - RDPR(T.P),Chamarajanagar,Rampur
"Chamarajanagar- Regional Office, Karnataka State Pollution Control Board",Chamarajanagar,Not Applicable
Chamarajanagar-REVENUE,Chamarajanagar,Not Applicable
Chamarajanagar-Rural Development and Panchayat Raj - RDPR(Z.P),Chamarajanagar,NA
Chamarajanagar-Urban Development Cell - DUDC,Chamarajanagar,Not Applicable
Chamarajanagar-Yelandur-Rural Development and Panchayat Raj - RDPR(T.P),Chamarajanagar,Yelandur
Chamarajnagar - District Institue of Education and Training (DIET),Chamarajnagar,Not Applicable
Chamundeshwari Electricity Supply Corporation Limited(Chamarajanagar-Kodagu Circle)CESCOM,Chamundeshwari Electricity Supply Corporation Limited(Chamarajanagar,Not Applicable
Chamundeshwari Electricity Supply Corporation Limited(Corporate Office)CESCOM,Corporate Office,Not Applicable
Chamundeshwari Electricity Supply Corporation Limited(Hassan Circle),Hassan Circle,Not Applicable
Chamundeshwari Electricity Supply Corporation Limited(Hassan Zone),Hassan Zone,Not Applicable
Chamundeshwari Electricity Supply Corporation Limited(Mandya Circle)CESCOM,Mandya Circle,Not Applicable
Chamundeshwari Electricity Supply Corporation Limited(Mysuru Circle)CESCOM,Mysuru Circle,Not Applicable
Chamundeshwari Electricity Supply Corporation Limited(Mysuru Zone)CESCOM,Mysuru Zone,Not Applicable
Channarayapatna Planning Authority,Channarayapatna,Not Applicable
"Chennai-Bengaluru Industrial Corridor Tumakuru Local Planning Authority, Tumakuru",Chennai,Not Applicable
Chikkaballapura-Bagepalli-Rural Development and Panchayat Raj - RDPR(T.P),Chikkaballapura,Bagepalli
Chikkaballapura-Chikkaballapura-Rural Development and Panchayat Raj - RDPR(T.P),Chikkaballapura,Chikkaballapura
Chikkaballapura-Chintamani-Rural Development and Panchayat Raj - RDPR(T.P),Chikkaballapura,Chintamani
Chikkaballapura - District Institute for Education and Training (DIET),Chikkaballapura,Not Applicable
Chikkaballapura-District Registrar - DR,Chikkaballapura,Not Applicable
Chikkaballapura - District Training Institute,Chikkaballapura,Not Applicable
Chikkaballapura-Food and Civil Supplies - FCS,Chikkaballapura,Not Applicable
Chikkaballapura-Gauribidanur-Rural Development and Panchayat Raj - RDPR(T.P),Chikkaballapura,Gauribidanur
Chikkaballapura-Gudibande-Rural Development and Panchayat Raj - RDPR(T.P),Chikkaballapura,Gudibande
"Chikkaballapura - Joint Director office, Commerce and Industries department",Chikkaballapura,Not Applicable
Chikkaballapura-LABOUR,Chikkaballapura,Not Applicable
"Chikkaballapura -Office of The Assistant Director, Department of Agricultural Marketing",Chikkaballapura,Not Applicable
"Chikkaballapura- Office of The Assistant Director, Department of Youth Empowerment and Sports",Chikkaballapura,Not Applicable
"Chikkaballapura- Office of The Deputy Commissioner, Department of Excise",Chikkaballapura,Not Applicable
"Chikkaballapura - Office of the Deputy Director (Administration), Department of School Education",Chikkaballapura,Not Applicable
"Chikkaballapura- Office of The Deputy Director, Department of Pre University Eductaion.",Chikkaballapura,Not Applicable
"Chikkaballapura - Office of the Deputy Director, Department of Women and Child development",Chikkaballapura,Not Applicable
"Chikkaballapura-Office of The Deputy Director,Dept of Animal Husbandry and Veterinary Services",Chikkaballapura,Not Applicable
"Chikkaballapura - Office of the Deputy Director, District Treasury",Chikkaballapura,Not Applicable
"Chikkaballapura- Office of The Deputy Director, Fisheries Department",Chikkaballapura,Not Applicable
"Chikkaballapura- Office of The Deputy Director, Horticulture Department",Chikkaballapura,Not Applicable
Chikkaballapura - Office of The District Health and Family Welfare Officer,Chikkaballapura,Not Applicable
"Chikkaballapura- Office of The District Officer, Department of Backward Classes Welfare",Chikkaballapura,Not Applicable
"Chikkaballapura - Office of the District officer, Minority Welfare Department",Chikkaballapura,Not Applicable
"Chikkaballapura - Office of The District Skill Development Officer, Skill Development Department",Chikkaballapura,Not Applicable
"Chikkaballapura- Office of the Joint Director, Department of Agriculture",Chikkaballapura,Not Applicable
"Chikkaballapura- Office of The Senior Assistant Director,Dept of Information and Public Relations",Chikkaballapura,Not Applicable
Chikkaballapura- Office of The Superintendent of Police,Chikkaballapura,Not Applicable
Chikkaballapura-Public Works Department - PWD,Chikkaballapura,Not Applicable
Chikkaballapura-REVENUE,Chikkaballapura,Not Applicable
Chikkaballapura-Rural Development and Panchayat Raj - RDPR(Z.P),Chikkaballapura,NA
Chikkaballapura-Sidlaghatta-Rural Development and Panchayat Raj - RDPR(T.P),Chikkaballapura,Sidlaghatta
Chikkaballapura - Urban Development Authority,Chikkaballapura,Not Applicable
Chikkaballapura- Urban Development Cell - DUDC,Chikkaballapura,Not Applicable
Chikkaballapur-Deputy Director of Land Records-DDLR,Chikkaballapur,Not Applicable
Chikkaballapur - District Consumer Disputes Redressal Commission,Chikkaballapur,Not Applicable
Chikkaballapur - Karnataka Maharshi Valmiki Scheduled Tribes Development Corporation Ltd,Chikkaballapur,Not Applicable
Chikkamagaluru-Ajjampura-Rural Development and Panchayat Raj - RDPR(T.P),Chikkamagaluru,Ajjampura
Chikkamagaluru- Aralaguppe Mallegowda District Hospital,Chikkamagaluru,Not Applicable
Chikkamagaluru-Chikkamagaluru-Rural Development and Panchayat Raj - RDPR(T.P),Chikkamagaluru,Chikkamagaluru
"Chikkamagaluru - Deputy Director office, Horticulture department",Chikkamagaluru,Not Applicable
Chikkamagaluru-Deputy Director of Land Records-DDLR,Chikkamagaluru,Not Applicable
Chikkamagaluru - District Institute of Education and Training(DIET),Chikkamagaluru,Not Applicable
Chikkamagaluru-District Registrar - DR,Chikkamagaluru,Not Applicable
Chikkamagaluru - District Training Institute,Chikkamagaluru,Not Applicable
Chikkamagaluru-Food and Civil Supplies - FCS,Chikkamagaluru,Not Applicable
"Chikkamagaluru-Joint Director office, Commerce and Industries Department",Chikkamagaluru,Not Applicable
Chikkamagaluru-Kadur-Rural Development and Panchayat Raj - RDPR(T.P),Chikkamagaluru,Kadur
Chikkamagaluru- Karnataka Rural Infrastructure Development Limited,Chikkamagaluru,Not Applicable
Chikkamagaluru-Koppa-Rural Development and Panchayat Raj - RDPR(T.P),Chikkamagaluru,Koppa
Chikkamagaluru-LABOUR,Chikkamagaluru,Not Applicable
Chikkamagaluru-Mudigere-Rural Development and Panchayat Raj - RDPR(T.P),Chikkamagaluru,Mudigere
Chikkamagaluru-Narasimharajapura-Rural Development and Panchayat Raj - RDPR(T.P),Chikkamagaluru,Narasimharajapura
"Chikkamagaluru - Office of The Assistant Director, Department of Agricultural Marketing",Chikkamagaluru,Not Applicable
"Chikkamagaluru- Office of The Assistant Director, Department of Tourism",Chikkamagaluru,Not Applicable
"Chikkamagaluru - Office of the Assistant Director, Department of Town and Country Planning",Chikkamagaluru,Not Applicable
"Chikkamagaluru- Office of the Deputy commissioner, Department of Excise",Chikkamagaluru,Not Applicable
"Chikkamagaluru - Office of the Deputy Director, Department of Handlooms and Textiles",Chikkamagaluru,Not Applicable
"Chikkamagaluru - office of the Deputy Director, Department of Pre University Eductaion",Chikkamagaluru,Not Applicable
"Chikkamagaluru- Office of The Deputy Director, Department of Public Instruction",Chikkamagaluru,Not Applicable
"Chikkamagaluru- Office of the Deputy Director, Department of Sericulture",Chikkamagaluru,Not Applicable
"Chikkamagaluru - Office of the Deputy Director, Department of Social Welfare",Chikkamagaluru,Not Applicable
"Chikkamagaluru- Office of the Deputy Director, Department of Women and Child Welfare",Chikkamagaluru,Not Applicable
"Chikkamagaluru - Office of the Deputy Director, District Treasury",Chikkamagaluru,Not Applicable
Chikkamagaluru - Office of the District Health and Family Welfare Services Officer,Chikkamagaluru,Not Applicable
"Chikkamagaluru - Office of the District Officer, Backward Class Welfare Department",Chikkamagaluru,Not Applicable
"Chikkamagaluru - Office of the District officer, Minority Welfare Department",Chikkamagaluru,Not Applicable
"Chikkamagaluru - Office of The District Skill Development Officer, Skill Development Department",Chikkamagaluru,Not Applicable
"Chikkamagaluru- Office of the District Statistical Officer, Department of Statistics",Chikkamagaluru,Not Applicable
"Chikkamagaluru- Office of the Joint Director, Department of Agriculture",Chikkamagaluru,Not Applicable
"Chikkamagaluru- Office of The Senior Assistant Director, Fisheries Department",Chikkamagaluru,Not Applicable
Chikkamagaluru- Office of The Superintendent of Police,Chikkamagaluru,Not Applicable
Chikkamagaluru-Public Works Department - PWD,Chikkamagaluru,Not Applicable
"Chikkamagaluru- Regional Office, Karnataka State Pollution Control Board",Chikkamagaluru,Not Applicable
Chikkamagaluru-REVENUE,Chikkamagaluru,Not Applicable
Chikkamagaluru-Rural Development and Panchayat Raj - RDPR(Z.P),Chikkamagaluru,NA
Chikkamagaluru-Sringeri-Rural Development and Panchayat Raj - RDPR(T.P),Chikkamagaluru,Sringeri
Chikkamagaluru-Tarikere-Rural Development and Panchayat Raj - RDPR(T.P),Chikkamagaluru,Tarikere
Chikkamagaluru- Urban Development Authority,Chikkamagaluru,Not Applicable
Chikkamagaluru-Urban Development Cell- DUDC,Chikkamagaluru,Not Applicable
Chitradurga - Agricultural Marketing Department,Chitradurga,Not Applicable
Chitradurga- Branch Office Karnataka State Financial Corporation,Chitradurga,Not Applicable
Chitradurga-Challakere-Rural Development and Panchayat Raj - RDPR(T.P),Chitradurga,Challakere
Chitradurga-Chitradurga-Rural Development and Panchayat Raj - RDPR(T.P),Chitradurga,Chitradurga
Chitradurga - College of Teachers Education,Chitradurga,Not Applicable
Chitradurga-Deputy Director of Land Records-DDLR,Chitradurga,Not Applicable
Chitradurga - District Consumer Disputes Redressal Commission,Chitradurga,Not Applicable
Chitradurga - District Hospital,Chitradurga,Not Applicable
Chitradurga - District Institute for Education and Training (DIET),Chitradurga,Not Applicable
Chitradurga - District Project office- karnataka Housing board,Chitradurga,Not Applicable
Chitradurga-District Registrar - DR,Chitradurga,Not Applicable
Chitradurga - District Training Institute,Chitradurga,Not Applicable
Chitradurga-Food and Civil Supplies - FCS,Chitradurga,Not Applicable
Chitradurga-Hiriyur-Rural Development and Panchayat Raj - RDPR(T.P),Chitradurga,Hiriyur
Chitradurga-Holalkere-Rural Development and Panchayat Raj - RDPR(T.P),Chitradurga,Holalkere
Chitradurga-Hosadurga-Rural Development and Panchayat Raj - RDPR(T.P),Chitradurga,Hosadurga
Chitradurga - Karnataka Maharshi Valmiki Scheduled Tribes Development Corporation Ltd,Chitradurga,Not Applicable
Chitradurga-LABOUR,Chitradurga,Not Applicable
Chitradurga-Molakalmuru-Rural Development and Panchayat Raj - RDPR(T.P),Chitradurga,Molakalmuru
"Chitradurga - Office of the Assiatant Director, Department of Kannada and Culture",Chitradurga,Not Applicable
"Chitradurga - Office of the Assistant Director, Department of Information and Public Relations",Chitradurga,Not Applicable
"Chitradurga - Office of the Deputy commissioner, Department of Excise",Chitradurga,Not Applicable
"Chitradurga - Office of the Deputy Director, Department of Animal Husbandry and Veterinary Services",Chitradurga,Not Applicable
"Chitradurga - Office of the Deputy Director, Department of Handlooms and Textiles",Chitradurga,Not Applicable
"Chitradurga - Office of the Deputy Director, Department of Horticulture",Chitradurga,Not Applicable
"Chitradurga - Office of the Deputy Director, Department of Pre University Eductaion",Chitradurga,Not Applicable
"Chitradurga- Office of The Deputy Director, Department of Public Instruction",Chitradurga,Not Applicable
"Chitradurga - Office of the Deputy Director, Department of Sericulture",Chitradurga,Not Applicable
"Chitradurga - Office of the Deputy Director, Department of Social Welfare",Chitradurga,Not Applicable
"Chitradurga - Office of the Deputy Director, Department of Tourism",Chitradurga,Not Applicable
"Chitradurga - Office of the Deputy Director, Department of Women and Child Development",Chitradurga,Not Applicable
"Chitradurga - Office of the Deputy Director, District Treasury",Chitradurga,Not Applicable
"Chitradurga - Office of The Deputy Director, Fisheries Department",Chitradurga,Not Applicable
Chitradurga - Office of The Deputy Registrar of Co-operative Societies,Chitradurga,Not Applicable
Chitradurga - Office of The District Health and Family Welfare Officer,Chitradurga,Not Applicable
"Chitradurga - Office of the District Office, Department of Backward Classes Welfare",Chitradurga,Not Applicable
"Chitradurga - Office of the District officer, Minority Welfare Department",Chitradurga,Not Applicable
"Chitradurga - Office of The District Skill Development Officer, Skill Development Department",Chitradurga,Not Applicable
"Chitradurga - Office of the Joint Director, Department of Agriculture",Chitradurga,Not Applicable
"Chitradurga - Office of the Joint Director, District Industrial Centre, Dept of Ind & Comm",Chitradurga,Not Applicable
Chitradurga- Office of The Superintendent of Police,Chitradurga,Not Applicable
Chitradurga-Public Works Department - PWD,Chitradurga,Not Applicable
"Chitradurga - Regional Office, Karnataka State Pollution Control Board",Chitradurga,Not Applicable
Chitradurga-REVENUE,Chitradurga,Not Applicable
Chitradurga-Rural Development and Panchayat Raj - RDPR(Z.P),Chitradurga,NA
Chitradurga Urban Development Authority (CUDA),CUDA,Not Applicable
Chitradurga-Urban Development Cell - DUDC,Chitradurga,Not Applicable
Command Area Development Authority(CADA) Cauvery Basin Project(Mysuru),Mysuru,Not Applicable
"Command Area Development Authority, Malaprabha Ghataprabha Project (Belagavi)",Belagavi,Not Applicable
Commissionerate Of Agriculture,NA,Not Applicable
Commissionerate Of Backward Classes Welfare Department,NA,Not Applicable
Commissionerate of Food Safety and Standards Authority,NA,Not Applicable
Commissionerate of Health and Family Welfare Services,NA,Not Applicable
Commissionerate of Industrial Training and Employment Department,NA,Not Applicable
Commissionerate of Industrial Training and Employment Department (Training),NA,Not Applicable
Commissionerate of Information And Public Relation Department,NA,Not Applicable
Commissionerate of Revenue Department,NA,Not Applicable
Commissionerate of Social Welfare,NA,Not Applicable
Commissionerate of Watershed Development Department,NA,Not Applicable
Commissionerate of Youth Empowerment and Sports,NA,Not Applicable
"Commissioner, Commercial Taxes Department",NA,Not Applicable
Dakshina Kannada-Bantwal-Rural Development and Panchayat Raj - RDPR(T.P),Dakshina Kannada,Bantwal
Dakshina Kannada-Beltangadi-Rural Development and Panchayat Raj - RDPR(T.P),Dakshina Kannada,Beltangadi
Dakshina Kannada-City Corporation,Dakshina Kannada,Not Applicable
"Dakshina Kannada - College of Teachers Education, Mangaluru",Dakshina Kannada,Not Applicable
Dakshina Kannada-Deputy Director of Land Records-DDLR,Dakshina Kannada,Not Applicable
Dakshina Kannada - District Consumer Disputes Redressal commission,Dakshina Kannada,Not Applicable
Dakshina Kannada - District Institute for Education and Training (DIET) Mangalore,Dakshina Kannada,Not Applicable
Dakshina Kannada-District Registrar - DR,Dakshina Kannada,Not Applicable
Dakshina Kannada - District Scheduled Tribes Welfare Department,Dakshina Kannada,Not Applicable
Dakshina Kannada - District Skill development Office,Dakshina Kannada,Not Applicable
"Dakshina Kannada - District Training Institute, Mangaluru",Dakshina Kannada,Not Applicable
Dakshina Kannada - Fertilizer Control Laboratory,Dakshina Kannada,Not Applicable
Dakshina kannada-Food and Civil Supplies - FCS,Dakshina kannada,Not Applicable
"Dakshina Kannada -Joint Director office, Commerce and Industries Department(Mangaluru)",Dakshina Kannada,Not Applicable
Dakshina Kannada-Kadaba-Rural Development and Panchayat Raj - RDPR(T.P),Dakshina Kannada,Kadaba
Dakshina Kannada-LABOUR,Dakshina Kannada,Not Applicable
Dakshina Kannada-Mangaluru-Rural Development and Panchayat Raj - RDPR(T.P),Dakshina Kannada,Mangaluru
Dakshina Kannada-Moodabidri-Rural Development and Panchayat Raj - RDPR(T.P),Dakshina Kannada,Moodabidri
"Dakshina Kannada - Office of The Assistant Director, Department of Agricultural Marketing",Dakshina Kannada,Not Applicable
"Dakshina Kannada - Office of the Deputy Director (Administration), Department of School Education",Dakshina Kannada,Not Applicable
"Dakshina Kannada - Office of the Deputy Director, Department of School Education(Pre University)",Dakshina Kannada,Not Applicable
"Dakshina Kannada- Office of The Deputy Director, Department of Sericulture",Dakshina Kannada,Not Applicable
"Dakshina Kannada - Office of the Deputy Director, Department of Social Welfare",Dakshina Kannada,Not Applicable
"Dakshina Kannada- Office of The Deputy Director, Department of Women and Child Development",Dakshina Kannada,Not Applicable
"Dakshina Kannada - Office of the Deputy Director, District Treasury Mangaluru",Dakshina Kannada,Not Applicable
"Dakshina Kannada- Office of The District Officer, Backward Classes Welfare Department",Dakshina Kannada,Not Applicable
"Dakshina Kannada - Office of The District officer, Minority Welfare Department",Dakshina Kannada,Not Applicable
"Dakshina Kannada - Office of the Joint Director,Department of Agriculture,Mangaluru",Dakshina Kannada,Not Applicable
Dakshina Kannada- Office of The Superintendent of Police,Dakshina Kannada,Not Applicable
Dakshina Kannada-Public Works Department - PWD,Dakshina Kannada,Not Applicable
Dakshina Kannada-Puttur-Rural Development and Panchayat Raj - RDPR(T.P),Dakshina Kannada,Puttur
Dakshina Kannada-REVENUE,Dakshina Kannada,Not Applicable
Dakshina Kannada-Rural Development and Panchayat Raj - RDPR(Z.P),Dakshina Kannada,NA
Dakshina Kannada-Sulya-Rural Development and Panchayat Raj - RDPR(T.P),Dakshina Kannada,Sulya
Dakshina Kannada-Urban Development Cell - DUDC,Dakshina Kannada,Not Applicable
Davanagere-Channagiri-Rural Development and Panchayat Raj - RDPR(T.P),Davanagere,Channagiri
Davanagere-City Corporation,Davanagere,Not Applicable
Davanagere-Davanagere-Rural Development and Panchayat Raj - RDPR(T.P),Davanagere,Davanagere
Davanagere-Deputy Director of Land Records-DDLR,Davanagere,Not Applicable
Davanagere-District Consumer disputes Redressal commission,Davanagere,Not Applicable
Davanagere - District Institute for Education and Training (DIET),Davanagere,Not Applicable
Davanagere-District Registrar - DR,Davanagere,Not Applicable
Davanagere- District Training Institute,Davanagere,Not Applicable
Davanagere-Food and Civil Supplies - FCS,Davanagere,Not Applicable
Davanagere-Harihar-Rural Development and Panchayat Raj - RDPR(T.P),Davanagere,Harihar
Davanagere-Honnali-Rural Development and Panchayat Raj - RDPR(T.P),Davanagere,Honnali
"Davanagere-Industrial Training and Employment Department, District Employment Exchange Office",Davanagere,Not Applicable
Davanagere-Jagalur-Rural Development and Panchayat Raj - RDPR(T.P),Davanagere,Jagalur
"Davanagere- Joint Director office, Commerce and Industries Department",Davanagere,Not Applicable
Davanagere - Karnataka Maharshi Valmiki Scheduled Tribes Development Corporation Ltd,Davanagere,Not Applicable
Davanagere- Karnataka Rural Infrastructure Development Limited,Davanagere,Not Applicable
Davanagere-LABOUR,Davanagere,Not Applicable
Davanagere-Nyamati-Rural Development and Panchayat Raj - RDPR(T.P),Davanagere,Nyamati
"Davanagere -Office of The Assistant Director, Department of Agricultural Marketing",Davanagere,Not Applicable
"Davanagere- Office of The Assistant Director, Department of Kannada and Culture",Davanagere,Not Applicable
"Davanagere- Office of The Assistant Director, Department of Tourism",Davanagere,Not Applicable
"Davanagere - Office of The Assistant Director, Department of Town and Country Planning",Davanagere,Not Applicable
"Davanagere- Office of The Assistant Director, Department of Youth Empowerment and Sports",Davanagere,Not Applicable
"Davanagere - Office of the Deputy Director (Administration), Department of School Education",Davanagere,Not Applicable
"Davanagere- Office of The Deputy Director, Department of Handlooms and Textiles",Davanagere,Not Applicable
"Davanagere- Office of The Deputy Director, Department of Sericulture",Davanagere,Not Applicable
"Davanagere - Office of The Deputy Director, Department of Women and Child Development",Davanagere,Not Applicable
"Davanagere - Office of the Deputy Director, District Treasury",Davanagere,Not Applicable
"Davanagere- Office of The Deputy Director, Fisheries Department",Davanagere,Not Applicable
Davanagere - Office of The Deputy Registrar of Co-operative Societies,Davanagere,Not Applicable
Davanagere- Office of The District Health and Family Welfare Officer,Davanagere,Not Applicable
"Davanagere - Office of the District officer, Backward Classes Welfare Department",Davanagere,Not Applicable
"Davanagere - Office of The District officer, Minority Welfare Department",Davanagere,Not Applicable
"Davanagere - Office of The District Skill Development Officer, Dept of Skill Development, Enterpren",Davanagere,Not Applicable
"Davanagere- Office of The District Statistical Officer,Department of Statistics",Davanagere,Not Applicable
"Davanagere- Office of The Executive Engineer,Karnataka Neeravari Nigama Limited",Davanagere,Not Applicable
"Davanagere- Office of The Joint Director, Department of Agriculture",Davanagere,Not Applicable
"Davanagere- Office of The Special Land Aquisition Officer, Kotturu- Harihara Railway Broadway Line",Davanagere,Not Applicable
Davanagere- Office of The Superintendent of Police,Davanagere,Not Applicable
Davanagere-Public Works Department - PWD,Davanagere,Not Applicable
"Davanagere- Regional Office, Karnataka State Pollution Control Board",Davanagere,Not Applicable
Davanagere-REVENUE,Davanagere,Not Applicable
Davanagere-Rural Development and Panchayat Raj - RDPR(Z.P),Davanagere,NA
Davanagere University,State Level / Not Applicable,Not Applicable
Davanagere - Urban Development Cell - DUDC,Davanagere,Not Applicable
Davangere - Harihara urban Development Authority,Davangere,Not Applicable
D Devaraj Urs Backward Classes Development Corporation,NA,Not Applicable
D Devaraj Urs Research Institute,NA,Not Applicable
D.Devaraj Urs Trucks Terminals Limited,NA,Not Applicable
Department of Agricultural Marketing,NA,Not Applicable
"Department of Factories,Boilers,Industrial Safety & Health",NA,Not Applicable
"Department of Printing, Stationary and Publication",NA,Not Applicable
Department of Prosecutions & Government Litigation.,NA,Not Applicable
Department of State Educational Research and Training,NA,Not Applicable
Department of Technical education,NA,Not Applicable
"Dharwad - Additional Director, Town and Country Planning Department, Dharwad Zonal Office",Dharwad,Not Applicable
Dharwad-Alnavara-Rural Development and Panchayat Raj - RDPR(T.P),Dharwad,Alnavara
Dharwad-Annigeri-Rural Development and Panchayat Raj - RDPR(T.P),Dharwad,Annigeri
Dharwad-Centre for Entrepreneurship Development of Karnataka CEDOK,Dharwad,Not Applicable
Dharwad-City Corporation,Dharwad,Not Applicable
Dharwad-Department of Electrical Inspectorate,Dharwad,Not Applicable
Dharwad-Deputy Director of Land Records-DDLR,Dharwad,Not Applicable
"Dharwad -Dharwad - Office of The Deputy Director, Fisheries Department",Dharwad,Not Applicable
Dharwad-Dharwad-Rural Development and Panchayat Raj - RDPR(T.P),Dharwad,Dharwad
Dharwad - District Institute for Education and Training (DIET),Dharwad,Not Applicable
Dharwad-District Registrar - DR,Dharwad,Not Applicable
Dharwad - District Training Institute,Dharwad,Not Applicable
Dharwad-Food and Civil Supplies - FCS,Dharwad,Not Applicable
Dharwad-Hubballi-Rural Development and Panchayat Raj - RDPR(T.P),Dharwad,Hubballi
Dharwad-Kalghatgi-Rural Development and Panchayat Raj - RDPR(T.P),Dharwad,Kalghatgi
"Dharwad- Karnataka Institute of Medical Sciences,Hubli",Dharwad,Not Applicable
Dharwad - Karnataka Maharshi Valmiki Scheduled Tribes Development Corporation Ltd,Dharwad,Not Applicable
Dharwad- Karnataka Power Transmission Corporation Limited,Dharwad,Not Applicable
Dharwad- Karnataka Rural Infrastructure Development Limited,Dharwad,Not Applicable
Dharwad- Karnataka Slum Development Board,Dharwad,Not Applicable
Dharwad - Karnataka Urban Water Supply and Drainage Board,Dharwad,Not Applicable
Dharwad-Kundgol-Rural Development and Panchayat Raj - RDPR(T.P),Dharwad,Kundgol
Dharwad-LABOUR,Dharwad,Not Applicable
Dharwad-Navalgund-Rural Development and Panchayat Raj - RDPR(T.P),Dharwad,Navalgund
Dharwad- NGEF (Hubli) Limited,Dharwad,Not Applicable
"Dharwad - Office of The Additional Commissioner, Department of School Education",Dharwad,Not Applicable
"Dharwad - Office of The Assistant Director, Department of Youth Empowerment and Sports",Dharwad,Not Applicable
"Dharwad - Office of the Chief Engineer, C&B(North),Public Works Department",Dharwad,Not Applicable
"Dharwad- Office of The Deputy commissioner, Department of Excise",Dharwad,Not Applicable
"Dharwad - Office of The Deputy Director, Department of Agricultural Marketing",Dharwad,Not Applicable
"Dharwad - Office of the Deputy Director, Department of Animal Husbandry and Veterinary Services",Dharwad,Not Applicable
"Dharwad - Office of the Deputy Director, Department of Horticulture",Dharwad,Not Applicable
"Dharwad- Office of The Deputy Director, Department of Public Instruction",Dharwad,Not Applicable
"Dharwad - Office of the Deputy Director, Department of Sericulture",Dharwad,Not Applicable
"Dharwad - Office of the Deputy Director, Department of Social Welfare",Dharwad,Not Applicable
"Dharwad - Office of the Deputy Director, Department of Women and Child Development",Dharwad,Not Applicable
"Dharwad - Office of the Deputy Director, District Treasury",Dharwad,Not Applicable
Dharwad-Office of the Deputy Police Commissioner,Dharwad,Not Applicable
Dharwad - Office of The District Health and Family Welfare Officer,Dharwad,Not Applicable
"Dharwad- Office of The District Officer, Backward Classes Welfare Department",Dharwad,Not Applicable
"Dharwad - Office of The District Skill Development Officer, Skill Development Department",Dharwad,Not Applicable
Dharwad- Office of the District Statistical Officer,Dharwad,Not Applicable
"Dharwad - Office of the Joint Director, Department of Agriculture",Dharwad,Not Applicable
"Dharwad - Office of The Joint Director, District Industrial Centre, Dept of Industries & Commerce",Dharwad,Not Applicable
"Dharwad - Office of the Senior Geologist, Department of Mines and Geology",Dharwad,Not Applicable
Dharwad- Office of The Superintendent of Police,Dharwad,Not Applicable
Dharwad-Public Works Department - PWD,Dharwad,Not Applicable
Dharwad Regional Science Centre,NA,Not Applicable
Dharwad-REVENUE,Dharwad,Not Applicable
Dharwad-Rural Development and Panchayat Raj - RDPR(Z.P),Dharwad,NA
Dharwad-Urban Development Cell - DUDC,Dharwad,Not Applicable
Dharwad - Water and Land Management Institution (WALMI),Dharwad,Not Applicable
Directorate of Ayush,NA,Not Applicable
Directorate of Child Protection,NA,Not Applicable
Directorate Of Command Area Development Authorities (CADA),NA,Not Applicable
Directorate of Economics and Statistics,NA,Not Applicable
Directorate of eITBT and S&T,NA,Not Applicable
Directorate of Empowerment of Differently Abled and Senior Citizens,NA,Not Applicable
Directorate of E.S.I.S. Medical Services,NA,Not Applicable
Directorate Of Fisheries,NA,Not Applicable
Directorate of Groundwater,NA,Not Applicable
Directorate Of Horticulture Department,NA,Not Applicable
Directorate of Industries and commerce,NA,Not Applicable
Directorate Of Minorities,NA,Not Applicable
Directorate of Municipal Administration,NA,Not Applicable
Directorate of Pension Small Savings and Asset Liability Monitoring,NA,Not Applicable
Directorate of sainik Welfare and Resettlement,NA,Not Applicable
Directorate of Tourism Department,NA,Not Applicable
Directorate of Town and Country Planning,NA,Not Applicable
Directorate of Translations,NA,Not Applicable
Directorate of Women and Child Development,NA,Not Applicable
"Director General of Police, CID, Special Units & Economic Offences, Bengaluru.",NA,Not Applicable
"Director General of Police, Recruitment Office",NA,Not Applicable
"District Consumer Disputes and Redressal Commission, Dharwad",NA,Not Applicable
"District Police office, Karnataka State Railway Police, K.S.R Railway Station",NA,Not Applicable
Dr. B.R Ambedkar Research Institute,NA,Not Applicable
Dr. H. Narasimhaiah Sub-Regional Science Centre,Bengaluru Urban,Not Applicable
Environmental Management and Policy Research Institute,NA,Not Applicable
Fiscal Policy Institute,NA,Not Applicable
Forest Ecology and Environment dept - Karnataka Biodiversity Board,NA,Not Applicable
Gadag-Betigeri-Rural Development and Panchayat Raj - RDPR(T.P),Gadag,Betigeri
Gadag-Deputy Director of Land Records-DDLR,Gadag,Not Applicable
Gadag-District Consumer disputes Redressal commission,Gadag,Not Applicable
Gadag - District Institute for Education and Training (DIET),Gadag,Not Applicable
Gadag-District Registrar - DR,Gadag,Not Applicable
Gadag - District Training Institute,Gadag,Not Applicable
Gadag-Food and Civil Supplies - FCS,Gadag,Not Applicable
Gadag- Gadag Institute of Medical Sciences,Gadag,Not Applicable
Gadag-Gadag-Rural Development and Panchayat Raj - RDPR(T.P),Gadag,Gadag
Gadag-Gajendragad-Rural Development and Panchayat Raj - RDPR(T.P),Gadag,Gajendragad
Gadag-LABOUR,Gadag,Not Applicable
Gadag-Lakshmeshwar-Rural Development and Panchayat Raj - RDPR(T.P),Gadag,Lakshmeshwar
Gadag-Mundargi-Rural Development and Panchayat Raj - RDPR(T.P),Gadag,Mundargi
Gadag-Nargund-Rural Development and Panchayat Raj - RDPR(T.P),Gadag,Nargund
"Gadag-Office of The Assistant Director, Agricultural Marketing Department",Gadag,Not Applicable
"Gadag - Office of The Assistant Director, Department of Information and Public Relations",Gadag,Not Applicable
"Gadag - Office of the Assistant Director, Department of Youth Empowerment and Sports",Gadag,Not Applicable
"Gadag- Office of The Assistant Executive Engineer, Karnataka Slum Development Board",Gadag,Not Applicable
"Gadag- Office of The Chief Librarian, District Central Library, Department of Public Library",Gadag,Not Applicable
"Gadag - Office of The Deputy Commissioner, Department of Excise",Gadag,Not Applicable
"Gadag - Office of The Deputy Director, Department of Animal Husbandry and Veterinary Services",Gadag,Not Applicable
"Gadag - Office of the Deputy Director, Department of Handlooms and Textiles",Gadag,Not Applicable
"Gadag - Office of The Deputy Director, Department of Pre University Education",Gadag,Not Applicable
"Gadag- Office of The Deputy Director, Department of Public Instruction",Gadag,Not Applicable
"Gadag - Office of the Deputy Director, Department of Women and Child Development",Gadag,Not Applicable
"Gadag - Office of The Deputy Director, District Treasury",Gadag,Not Applicable
Gadag - Office of The District Health and Family Welfare Officer,Gadag,Not Applicable
"Gadag - Office of the District Office, Department of Backward Classes Welfare",Gadag,Not Applicable
"Gadag - Office of The District officer, Minority Welfare Department",Gadag,Not Applicable
"Gadag - Office of The District Skill Development Officer, Skill Development Department",Gadag,Not Applicable
"Gadag - Office of The Drug Control Officer, Deparment of Drugs Control",Gadag,Not Applicable
"Gadag- Office of The Executive Engineer ,Karnataka Urban Water Supply and Drainage Board",Gadag,Not Applicable
"Gadag - Office of the Joint Director, Department of Agriculture",Gadag,Not Applicable
"Gadag - Office of The Joint Director, District Industrial Centre, Dept of Industries and Commerce",Gadag,Not Applicable
"Gadag - Office of The Registrar of Co-operative Societies, Department of Co-operation",Gadag,Not Applicable
"Gadag - Office of the Senior Geologist, Department of Mines and Geology",Gadag,Not Applicable
Gadag- Office of The Superintendent of Police,Gadag,Not Applicable
Gadag-Public Works Department - PWD,Gadag,Not Applicable
"Gadag - Regional Office, Karnataka State Pollution Control Board",Gadag,Not Applicable
Gadag-REVENUE,Gadag,Not Applicable
Gadag-Rona-Rural Development and Panchayat Raj - RDPR(T.P),Gadag,Rona
Gadag-Rural Development and Panchayat Raj - RDPR(Z.P),Gadag,NA
Gadag-Shirhatti-Rural Development and Panchayat Raj - RDPR(T.P),Gadag,Shirhatti
Gadag-Urban Development Cell - DUDC,Gadag,Not Applicable
Government Tool Room & Training Centre,State Level / Not Applicable,Not Applicable
Gulbarga Electricity Supply Company Limited (GESCOM),GESCOM,Not Applicable
Hampi World Heritage Area Management Authority,State Level / Not Applicable,Not Applicable
Hassan-Alur-Rural Development and Panchayat Raj - RDPR(T.P),Hassan,Alur
Hassan-Arkalgud-Rural Development and Panchayat Raj - RDPR(T.P),Hassan,Arkalgud
Hassan-Arsikere-Rural Development and Panchayat Raj - RDPR(T.P),Hassan,Arsikere
Hassan-Belur-Rural Development and Panchayat Raj - RDPR(T.P),Hassan,Belur
Hassan-Channarayapattana-Rural Development and Panchayat Raj - RDPR(T.P),Hassan,Channarayapattana
Hassan - Department Of Handlooms And Textiles,Hassan,Not Applicable
Hassan-Deputy Director of Land Records-DDLR,Hassan,Not Applicable
Hassan - District Consumer Disputes Redressal Commission,Hassan,Not Applicable
Hassan - District Health And Family Welfare Office,Hassan,Not Applicable
Hassan - District Institute for Education and Training (DIET),Hassan,Not Applicable
Hassan-District Registrar - DR,Hassan,Not Applicable
Hassan - District Training Institute,Hassan,Not Applicable
Hassan-Food and Civil Supplies - FCS,Hassan,Not Applicable
Hassan - Hassan Institute Of Medical Sciences,Hassan,Not Applicable
Hassan-Hassan-Rural Development and Panchayat Raj - RDPR(T.P),Hassan,Hassan
Hassan-Holenarsipur-Rural Development and Panchayat Raj - RDPR(T.P),Hassan,Holenarsipur
Hassan - Industrial Training And Employment Office,Hassan,Not Applicable
Hassan - Karnataka Maharshi Valmiki Scheduled Tribes Development Corporation Ltd,Hassan,Not Applicable
Hassan - Karnataka State Khadi And Village Industries Board,Hassan,Not Applicable
Hassan - Karnataka State Pollution Control Board,Hassan,Not Applicable
Hassan-LABOUR,Hassan,Not Applicable
Hassan Mangalore Rail development Company Limited,NA,Not Applicable
Hassan - office of deputy director department of social welfare,Hassan,Not Applicable
"Hassan - Office of the assistant director, Kannada And Cultural Depart",Hassan,Not Applicable
"Hassan- Office of The Chief Engineer (Electricity),Transmission zone, KPTCL",Hassan,Not Applicable
"Hassan - Office of the Deputy director, Department Of Agriculture Mark",Hassan,Not Applicable
"Hassan- Office of The Deputy Director, Department of Public Instruction",Hassan,Not Applicable
"Hassan - Office of the Deputy Director, Department of School Education(Pre University)",Hassan,Not Applicable
"Hassan-Office of the Deputy Director, Department of Women and Child Development",Hassan,Not Applicable
"Hassan- Office of the Deputy Director, Dept of Animal Husbandry and Veterinary Services",Hassan,Not Applicable
"Hassan - Office of the Deputy Director, District Treasury",Hassan,Not Applicable
"Hassan- Office of The District Officer, Backward Classes Welfare Department",Hassan,Not Applicable
"Hassan - Office of The District officer, Minority Welfare Department",Hassan,Not Applicable
"Hassan - Office of The District Skill Development Officer, Skill Development Department",Hassan,Not Applicable
Hassan-Office Of The District Statistical Officer,Hassan,Not Applicable
"Hassan - Office of the executive engineer, Karnataka Urban Water Supply",Hassan,Not Applicable
Hassan-Office Of The Executive Engineer Minor Irrigation And Ground Water Development Division,Hassan,Not Applicable
"Hassan - Office of the Joint Director, Department of Agriculture",Hassan,Not Applicable
"Hassan- Office of The Joint Director, District Industiral Centre",Hassan,Not Applicable
"Hassan -Office of the senior assistant director, Department Of Inform",Hassan,Not Applicable
Hassan- Office of The Superintendent of Police,Hassan,Not Applicable
Hassan-Public Works Department - PWD,Hassan,Not Applicable
Hassan-REVENUE,Hassan,Not Applicable
Hassan-Rural Development and Panchayat Raj - RDPR(Z.P),Hassan,NA
Hassan-Sakleshpur-Rural Development and Panchayat Raj - RDPR(T.P),Hassan,Sakleshpur
Hassan - Urban Development Authority,Hassan,Not Applicable
Hassan- Urban Development Cell - DUDC,Hassan,Not Applicable
Haveri-Byadgi-Rural Development and Panchayat Raj-RDPR(T.P),Haveri,Byadgi
Haveri-Deputy Director of Land Records-DDLR,Haveri,Not Applicable
Haveri - District Consumer Disputes Redressal Commission,Haveri,Not Applicable
Haveri-District Registrar - DR,Haveri,Not Applicable
Haveri - District Training Institute,Haveri,Not Applicable
Haveri-Food and Civil Supplies - FCS,Haveri,Not Applicable
Haveri-Hangal-Rural Development and Panchayat Raj - RDPR(T.P),Haveri,Hangal
Haveri - Haveri Institute of Medical Sciences,Haveri,Not Applicable
Haveri-Haveri-Rural Development and Panchayat Raj - RDPR(T.P),Haveri,Haveri
Haveri-Hirekerur-Rural Development and Panchayat Raj - RDPR(T.P),Haveri,Hirekerur
Haveri - Karnataka Maharshi Valmiki Scheduled Tribes Development Corporation Ltd,Haveri,Not Applicable
Haveri-LABOUR,Haveri,Not Applicable
"Haveri -Office of The Assistant Director, Department of Agricultural Marketing",Haveri,Not Applicable
Haveri- Office of The Assistant Director Department of Tourism,Haveri,Not Applicable
"Haveri- Office of The Assistant Director, Department of Youth Empowerment and Sports",Haveri,Not Applicable
"Haveri- Office of The Chief Librarian, District Central Library, Deparment of Public Library",Haveri,Not Applicable
"Haveri- Office of The Deputy Commissioner, Department of Excise",Haveri,Not Applicable
"Haveri- Office of The Deputy Director, Department of Handlooms and Textiles",Haveri,Not Applicable
"Haveri - Office of the Deputy Director, Department of Women and Child Welfare",Haveri,Not Applicable
"Haveri - Office of the Deputy Director, District Treasury",Haveri,Not Applicable
"Haveri-Office of The Deputy Director, Fisheries Department",Haveri,Not Applicable
Haveri-Office of the Deputy Director of Public Instruction,Haveri,Not Applicable
"Haveri- Office of the District Differently Abled Welfare officer, Department for The Empowerment of",Haveri,Not Applicable
Haveri- Office of The District Health and Family Welfare Officer,Haveri,Not Applicable
"Haveri- Office of The District Officer, Backward Class Welfare Department",Haveri,Not Applicable
"Haveri- Office of The District Officer, Minority Welfare Department",Haveri,Not Applicable
"Haveri - Office of The District Skill Development Officer, Skill Development Department",Haveri,Not Applicable
"Haveri - Office of The District Surgeon, District Hospital",Haveri,Not Applicable
"Haveri-Office of the Joint Director, Department of Agriculture",Haveri,Not Applicable
"Haveri - Office of The Joint Director, Department of Horticulture",Haveri,Not Applicable
"Haveri - Office of The Joint Director, District Industrial Centre, Dept of Industries and Commerce",Haveri,Not Applicable
Haveri- Office of The Superintendent of Police,Haveri,Not Applicable
Haveri-Public Works Department - PWD,Haveri,Not Applicable
Haveri-Ranibennur-Rural Development and Panchayat Raj - RDPR(T.P),Haveri,Ranibennur
Haveri-Rattihalli-Rural Development and Panchayat Raj - RDPR(T.P),Haveri,Rattihalli
Haveri-REVENUE,Haveri,Not Applicable
Haveri-Rural Development and Panchayat Raj - RDPR(Z.P),Haveri,NA
Haveri-Savanur-Rural Development and Panchayat Raj - RDPR(T.P),Haveri,Savanur
Haveri-Shiggaon-Rural Development and Panchayat Raj - RDPR(T.P),Haveri,Shiggaon
Haveri-Urban Development Cell - DUDC,Haveri,Not Applicable
"HESCOM - Corporate Office, Hubballi",NA,Not Applicable
"HESCOM - O & M Circle, Bagalkot (Bagalkot dist)",Bagalkot,Not Applicable
"HESCOM-O&M Circle, Belagavi(Belagavi,Bailahongal,Gokak,Khanapur,Kittur,Mudalagi,Ramdurg,Soudatti)",Belagavi,Not Applicable
"HESCOM - O & M Circle, Chikkodi ( Chikkodi,Athani,Raibag,Nippani,Kagawad)",Chikkodi,Not Applicable
"HESCOM - O & M Circle, Gadag ( Gadag dist)",Gadag,Not Applicable
"HESCOM - O & M Circle, Haveri (Haveri dist)",Haveri,Not Applicable
"HESCOM - O & M Circle, Hubballi (Dharwad dist)",Hubballi,Not Applicable
"HESCOM - O & M Circle, Sirsi (Uttarakannada)",sirsi,Not Applicable
"HESCOM - O & M Circle, Vijayapura (Vijayapura dist)",vijayapura,Not Applicable
"HESCOM- Vigilance (Dharwad,Gadag,Haveri,Uttara kannada,Belagavi,Vijayapur & Bagalkot)",NA,Not Applicable
High Court of Karnataka,NA,Not Applicable
"High Court of Karnataka Dharwad Bench, HCK",NA,Not Applicable
"High Court of Karnataka Kalaburagi Bench, HCK",NA,Not Applicable
Home Guards and Civil Defence Department,NA,Not Applicable
Hospete - Urban Development Authority,Hospete,Not Applicable
"Hubbali - Office of the Deputy Director, District Treasury",Hubbali,Not Applicable
Hubballi Dharwad - Urban Development Authority,Hubballi Dharwad,Not Applicable
Ilkal Town Planning Authority,NA,Not Applicable
Indira Gandhi Centre for Career Development,NA,Not Applicable
Indira Gandhi Institute Of Child Health,NA,Not Applicable
"Inspector General Of Police, Water Resources Dept, Vigilence",NA,Not Applicable
Jawaharlal Nehru Planetarium,NA,Not Applicable
"Joint Director, State Huzur Treasury Office, Bengaluru",NA,Not Applicable
Jungle Lodges and Resorts limited,NA,Not Applicable
Kalaburagi-Afzalpur-Rural Development and Panchayat Raj-RDPR(T.P),Kalaburagi,Afzalpur
Kalaburagi-Aland-Rural Development and Panchayat Raj-RDPR(T.P),Kalaburagi,Aland
Kalaburagi-Chincholi-Rural Development and Panchayat Raj-RDPR(T.P),Kalaburagi,Chincholi
Kalaburagi-Chitapur-Rural Development and Panchayat Raj-RDPR(T.P),Kalaburagi,Chitapur
Kalaburagi-City Corporation,Kalaburagi,Not Applicable
"Kalaburagi - Command Area Development Authorities (CADA) ,Irrigation",Kalaburagi,Not Applicable
Kalaburagi-Department of Electrical Inspectorate,Kalaburagi,Not Applicable
Kalaburagi-Deputy Director of Land Records-DDLR,Kalaburagi,Not Applicable
Kalaburagi- District Consumer Disputes Redressal commission,Kalaburagi,Not Applicable
Kalaburagi - District Training Institute,Kalaburagi,Not Applicable
Kalaburagi- Dr.B.R.Ambedkar Development Corporation Limited,Kalaburagi,Not Applicable
Kalaburagi-Food and Civil Supplies - FCS,Kalaburagi,Not Applicable
Kalaburagi- Gulbarga Insititue of Medical Science,Kalaburagi,Not Applicable
Kalaburagi-Jevargi-Rural Development and Panchayat Raj-RDPR(T.P),Kalaburagi,Jevargi
"Kalaburagi - Joint Director of Town and Country Planning, Divisional Office",Kalaburagi,Not Applicable
Kalaburagi-Kalaburagi-Rural Development and Panchayat Raj - RDPR(T.P),Kalaburagi,Kalaburagi
Kalaburagi-Kalagi-Rural Development and Panchayat Raj-RDPR(T.P),Kalaburagi,Kalagi
Kalaburagi- Karnataka Rural Infrastructure Development Limited,Kalaburagi,Not Applicable
Kalaburagi-LABOUR,Kalaburagi,Not Applicable
"Kalaburagi -Office of The Assistant Director, Department of Agricultural Marketing",Kalaburagi,Not Applicable
"Kalaburagi - Office of The Assistant Director, Department of Town and Country Planning",Kalaburagi,Not Applicable
"Kalaburagi- Office of The Assistant Executive Engineer, Karnataka Slum Development Board",Kalaburagi,Not Applicable
"Kalaburagi- Office of The Chief Engineer (Electricity),Transmission zone, KPTCL",Kalaburagi,Not Applicable
"Kalaburagi- Office of The Deputy Director, Department of Animal Husbandry and Veterinary Services",Kalaburagi,Not Applicable
"Kalaburagi- Office of the Deputy Director, Department of Archeology, Museums and Heritage",Kalaburagi,Not Applicable
"Kalaburagi- Office of The Deputy Director, Department of Horticulture",Kalaburagi,Not Applicable
"Kalaburagi- Office of The Deputy Director, Department of Mines and Geology",Kalaburagi,Not Applicable
"Kalaburagi- Office of The Deputy Director, Department of Pre University Education",Kalaburagi,Not Applicable
"Kalaburagi- Office of the Deputy Director, Department of Women and Child Development",Kalaburagi,Not Applicable
"Kalaburagi - Office of the Deputy Director, District Treasury",Kalaburagi,Not Applicable
"Kalaburagi-Office of the Deputy Director, Regional Forensic Science laboratory",Kalaburagi,Not Applicable
"Kalaburagi- Office of The District Commandant , Home Gaurds Department",Kalaburagi,Not Applicable
"Kalaburagi - Office of the District Office, Department of Backward Classes Welfare",Kalaburagi,Not Applicable
"Kalaburagi - Office of The District Skill Development Officer, Skill Development Department",Kalaburagi,Not Applicable
"Kalaburagi- Office of The District Statistical Officer, Department of Statistics",Kalaburagi,Not Applicable
"Kalaburagi- Office of The Joint Commissioner, Commercial Taxes Department",Kalaburagi,Not Applicable
"Kalaburagi- Office of The Joint Director,District Industrial Centre, Dept of Industries and Commerce",Kalaburagi,Not Applicable
Kalaburagi-Office of the Joint Registrar of Cooperative Societies,Kalaburagi,Not Applicable
"Kalaburagi- Office of The Regional Joint Director, Department of Collegiate Education",Kalaburagi,Not Applicable
Kalaburagi- Office of The Superintendent of Police,Kalaburagi,Not Applicable
Kalaburagi-Public Works Department - PWD,Kalaburagi,Not Applicable
"Kalaburagi- Regional Office, Karnataka State Pollution Control Board",Kalaburagi,Not Applicable
Kalaburagi-REVENUE,Kalaburagi,Not Applicable
Kalaburagi-Rural Development and Panchayat Raj - RDPR(Z.P),Kalaburagi,NA
Kalaburagi-Sedam-Rural Development and Panchayat Raj-RDPR(T.P),Kalaburagi,Sedam
Kalaburagi-Shahbad-Rural Development and Panchayat Raj-RDPR(T.P),Kalaburagi,Shahbad
"Kalaburagi- Superintending Engineer, Department of Minor Irrigation and Groundwater Development",Kalaburagi,Not Applicable
Kalaburagi-Urban Development Cell - DUDC,Kalaburagi,Not Applicable
Kalaburagi-Yedrami-Rural Development and Panchayat Raj-RDPR(T.P),Kalaburagi,Yedrami
Kalaburgi-District Registrar - DR,Kalaburgi,Not Applicable
Kalaburgi- Karnataka Urban Water Supply and Sewage Board,Kalaburgi,Not Applicable
"Kalaburgi- Office of the Joint Director, Department of Agriculture",Kalaburgi,Not Applicable
Kalyana Karnataka Region Development Board(KKRDB),NA,Not Applicable
Kalyana Karnataka Road Transport Corporation(KKRTC),NA,Not Applicable
Kannada Development Authority,NA,Not Applicable
"Kannada University, Hampi",NA,Not Applicable
Kapu Planning Authority,NA,Not Applicable
Karnataka Aadijambava development corporation,NA,Not Applicable
Karnataka Arya Vysya Community Development Corporation (KACDC),NA,Not Applicable
Karnataka Bhovi Development Corporation,NA,Not Applicable
Karnataka Board of Homeopathic System of Medicine,NA,Not Applicable
Karnataka Border Area Development Authority,NA,Not Applicable
Karnataka Building And Other Construction Workers Welfare Board,NA,Not Applicable
Karnataka Council for Technological Upgradation,NA,Not Applicable
Karnataka Electricity Regulatory Commission,NA,Not Applicable
Karnataka Examinations Authority,NA,Not Applicable
Karnataka Exhibition Authority,NA,Not Applicable
Karnataka Folklore University,NA,Not Applicable
Karnataka Government Insurance Department,NA,Not Applicable
Karnataka Government Secretariat Training Institute (KGSTI),NA,Not Applicable
Karnataka Housing Board,NA,Not Applicable
Karnataka Industrial Areas Development Board (KIADB),NA,Not Applicable
Karnataka Information Commission,NA,Not Applicable
Karnataka Innovation and Technology Society (KITS),NA,Not Applicable
KARNATAKA INSTITUTE FOR LAW AND PARLIAMENTARY REFORM,NA,Not Applicable
Karnataka Institute of Endocrinology and Research,NA,Not Applicable
Karnataka Institute of Leather and Fashion Technology,NA,Not Applicable
"Karnataka Judicial Academy, HCK",NA,Not Applicable
Karnataka Legislative Assembly Secretariat,NA,Not Applicable
Karnataka Legislative Council Secretariat,NA,Not Applicable
Karnataka Lokayukta,NA,Not Applicable
Karnataka Lokayukta Police,NA,Not Applicable
Karnataka Maharshi Valmiki Scheduled Tribes Development Corporation Ltd,NA,Not Applicable
"Karnataka Maratha communities Development Corporation Ltd, Bengaluru",NA,Not Applicable
Karnataka Mining Environment Restoration Corporation,NA,Not Applicable
Karnataka Minorities Development Corporation Ltd,NA,Not Applicable
Karnataka Power Corporation Limited,NA,Not Applicable
Karnataka Power Transmission Corporation Limited-KPTCL,NA,Not Applicable
Karnataka Prisons and Correctional Services,NA,Not Applicable
Karnataka Public Lands Corporation Limited,NA,Not Applicable
Karnataka Public Service Commission,NA,Not Applicable
Karnataka Real Estate Regulatory Authority,NA,Not Applicable
Karnataka Renewable Energy Development limited,NA,Not Applicable
Karnataka Residential Educational Institutions Society,NA,Not Applicable
Karnataka Samskrit University,NA,Not Applicable
Karnataka School Examination and Assessment Board,NA,Not Applicable
"Karnataka School Examination and Assessment Board,Belagavi Division",NA,Not Applicable
Karnataka Science And Technology Academy,NA,Not Applicable
Karnataka science and Technology Promotion Society,NA,Not Applicable
Karnataka Skill Development Corporation,NA,Not Applicable
Karnataka Slum Development Board,NA,Not Applicable
Karnataka Soaps and Detergents Limited,NA,Not Applicable
"Karnataka State Administrative Tribunal-Belagavi Bench, Belagavi",NA,Not Applicable
"Karnataka State Administrative Tribunal-Kalaburagi Bench, Kalaburagi",NA,Not Applicable
"Karnataka State Administrative Tribunal-Principal Bench, Bengaluru",NA,Not Applicable
Karnataka State Agricultural Produce Processing & Export Corporation L,NA,Not Applicable
"Karnataka State Akkamahadevi Women University, Vijayapura",NA,Not Applicable
Karnataka State Archives Department,NA,Not Applicable
Karnataka State Audit And Accounts Department,NA,Not Applicable
Karnataka State Beverages Corporation Limited,NA,Not Applicable
Karnataka State Board of AUQAF,NA,Not Applicable
Karnataka State Coir Co-Operative Federation Ltd. Bangalore,NA,Not Applicable
Karnataka State Commission For Backward Classes,NA,Not Applicable
Karnataka State Commission For Protection of Child Rights,NA,Not Applicable
Karnataka State Commission for Safai Karmacharis,NA,Not Applicable
Karnataka State Commission for scheduled castes And Scheduled Tribes,NA,Not Applicable
Karnataka State Construction Corporation Ltd,NA,Not Applicable
Karnataka State Consumer Disputes Redressal Commission,NA,Not Applicable
Karnataka State Consumer Disputes Redressal Commission permanent Circuit Bench Kalaburagi,NA,Not Applicable
Karnataka State Council for Science and Technology,NA,Not Applicable
Karnataka State Dr. Gangubhai Hanagal Music and Performing University Mysuru,NA,Not Applicable
Karnataka State Drug Control Department,NA,Not Applicable
Karnataka State Electronics Development Corporation Limited (KEONICS),NA,Not Applicable
Karnataka State Fire and Emergency Services,NA,Not Applicable
Karnataka State Handicrafts Development Corporation Limited,NA,Not Applicable
Karnataka State Higher Education council,NA,Not Applicable
Karnataka State Human rights commission,NA,Not Applicable
Karnataka State Industrial and Infrastructure Development Corporation Limited,NA,Not Applicable
Karnataka State Khadi And Village Industries Board,NA,Not Applicable
Karnataka State Law University Hubballi,NA,Not Applicable
Karnataka State Minerals Corporation Ltd,NA,Not Applicable
Karnataka State Natural Disaster Monitoring Centre,NA,Not Applicable
Karnataka State Open University,NA,Not Applicable
Karnataka state police housing and infrastructure development corporation limited,NA,Not Applicable
Karnataka State pollution Control Board,NA,Not Applicable
Karnataka State Remote Sensing Applications Centre,NA,Not Applicable
Karnataka State Road Transport Corporation(KSRTC),NA,Not Applicable
Karnataka State Rural Livelihood Promotion Society,NA,Not Applicable
Karnataka State Safai Karmachari Development Corporation,NA,Not Applicable
Karnataka State Seed And Organic Certification Agency,NA,Not Applicable
Karnataka State Seeds Corporation Ltd,NA,Not Applicable
Karnataka State Teachers Benefit Fund,NA,Not Applicable
Karnataka State Temperance Board,NA,Not Applicable
Karnataka State Textile Infrastructure Development Corporation Limited,NA,Not Applicable
Karnataka State Tourism Development Corporation Ltd.,NA,Not Applicable
Karnataka State Unorganised Workers Social Security Board,NA,Not Applicable
Karnataka Tank Conservation and Development Authority,NA,Not Applicable
Karnataka Text Book Society,NA,Not Applicable
Karnataka Thanda Development Corporation Limited,NA,Not Applicable
Karnataka Udyoga Mitra,NA,Not Applicable
Karnataka Uppara Development Corporation LTD,NA,Not Applicable
Karnataka Urdu Academy,NA,Not Applicable
Karnataka Vidyuth Karkhane Limited,NA,Not Applicable
Karnataka Vishwakarma Communities Development Corporation Ltd,NA,Not Applicable
Karnataka Vokkaliga Community Development Corporation Limited,NA,Not Applicable
Karntaka State Womens Development Corporation,NA,Not Applicable
K.G.F - Urban Development Authority,NA,Not Applicable
Kidwai Memorial Institute of Oncology,NA,Not Applicable
Kodagu-Deputy Director of Land Records-DDLR,Kodagu,Not Applicable
Kodagu - District Consumer Disputes Redressal Commission,Kodagu,Not Applicable
Kodagu - District Institute for Education and Training (DIET),Kodagu,Not Applicable
Kodagu-District Registrar - DR,Kodagu,Not Applicable
"Kodagu - District Training Institute, Madikere",Kodagu,Not Applicable
Kodagu-Food and Civil Supplies - FCS,Kodagu,Not Applicable
"Kodagu - Joint Director office, Commerce and Industries department, Madikeri",Kodagu,Not Applicable
Kodagu - Karnataka Maharshi Valmiki Scheduled Tribes Development Corporation Ltd,Kodagu,Not Applicable
Kodagu-LABOUR,Kodagu,Not Applicable
Kodagu-Madikeri-Rural Development and Panchayat Raj-RDPR(T.P),Kodagu,Madikeri
Kodagu-Office of the Assistant Director Department of Agricultural Marketing,Kodagu,Not Applicable
Kodagu - Office of the Deputy Director (Administration) School Education and Literacy Department,Kodagu,Not Applicable
"Kodagu - Office of The Deputy Director, Department of Animal Husbandary and Veterinary Services",Kodagu,Not Applicable
"Kodagu - Office of The Deputy Director, Department of Pre University Education",Kodagu,Not Applicable
"Kodagu- Office of the Deputy Director, Department of Social Welfare",Kodagu,Not Applicable
"Kodagu - Office of The Deputy Director, Department of Tourism",Kodagu,Not Applicable
"Kodagu- Office of The Deputy Director, Department of Women and Child Development",Kodagu,Not Applicable
"Kodagu - Office of the Deputy Director, District Treasury, Madikeri",Kodagu,Not Applicable
"Kodagu - Office of The Deputy Director, Fisheries Department(Madikeri)",Kodagu,Not Applicable
"Kodagu - Office of The District Health and Family Welfare Officer, Madikeri",Kodagu,Not Applicable
"Kodagu- Office of the District Officer, Backward Class Welfare Department",Kodagu,Not Applicable
"Kodagu - Office of The District officer, Minority Welfare Department",Kodagu,Not Applicable
"Kodagu - Office of The District Skill Development Officer, Skill Development Department",Kodagu,Not Applicable
"Kodagu- Office of the District Statistical Officer, Department of Statistics",Kodagu,Not Applicable
"Kodagu - Office of the Joint Director, Department Of Agriculture",Kodagu,Not Applicable
"Kodagu- Office of The Senior Geologist, Department of Mines and Geology",Kodagu,Not Applicable
Kodagu- Office of The Superintendent of Police,Kodagu,Not Applicable
Kodagu-Public Works Department - PWD,Kodagu,Not Applicable
Kodagu-REVENUE,Kodagu,Not Applicable
Kodagu-Rural Development and Panchayat Raj-RDPR(Z.P),Kodagu,NA
Kodagu-Somvarpet-Rural Development and Panchayat Raj-RDPR(T.P),Kodagu,Somvarpet
Kodagu-Urban Development Cell - DUDC,Kodagu,Not Applicable
Kodagu-Virajpet-Rural Development and Panchayat Raj-RDPR(T.P),Kodagu,Virajpet
Kolar-Bangarapet-Rural Development and Panchayat Raj-RDPR(T.P),Kolar,Bangarapet
Kolar - Department of The Empowerment of diffrently abled and Senior Citizens,Kolar,Not Applicable
Kolar-Deputy Director of Land Records-DDLR,Kolar,Not Applicable
Kolar - District Consumer Disputes Redressal Commission,Kolar,Not Applicable
Kolar - District Institute for Education and Training (DIET),Kolar,Not Applicable
Kolar-District Registrar - DR,Kolar,Not Applicable
Kolar - District Training Institute,Kolar,Not Applicable
Kolar-Food and Civil Supplies - FCS,Kolar,Not Applicable
Kolar - Karnataka Maharshi Valmiki Scheduled Tribes Development Corporation Ltd,Kolar,Not Applicable
Kolar-K G F-Rural Development and Panchayat Raj-RDPR(T.P),Kolar,K G F
Kolar-Kolar-Rural Development and Panchayat Raj-RDPR(T.P),Kolar,Kolar
Kolar-LABOUR,Kolar,Not Applicable
Kolar-Malur-Rural Development and Panchayat Raj-RDPR(T.P),Kolar,Malur
Kolar-Mulbagal-Rural Development and Panchayat Raj-RDPR(T.P),Kolar,Mulbagal
"Kolar -Office of The Assistant Director, Department of Agricultural Marketing",Kolar,Not Applicable
"Kolar - Office of the Deputy commissioner, Department of Excise",Kolar,Not Applicable
"Kolar - Office of the Deputy Director, Department of Animal Husbandry and Veterinary Services",Kolar,Not Applicable
"Kolar - Office of the Deputy Director, Department of Pre University Education",Kolar,Not Applicable
"Kolar - Office of The Deputy Director, Department of Public Instruction",Kolar,Not Applicable
"Kolar - Office of the Deputy Director, Department of Sericulture",Kolar,Not Applicable
"Kolar - Office of the Deputy Director, Department of Social Welfare",Kolar,Not Applicable
"Kolar - Office of the Deputy Director, Department of Women and Child Development",Kolar,Not Applicable
"Kolar - Office of the Deputy Director, District Treasury",Kolar,Not Applicable
"Kolar - Office of the Deputy Director, Fisheries Department",Kolar,Not Applicable
"Kolar - Office of the District Office, Department of Backward Classes Welfare",Kolar,Not Applicable
"Kolar - Office of the District officer, Minority Welfare Department",Kolar,Not Applicable
"Kolar - Office of The District Skill Development Officer, Skill Development Department",Kolar,Not Applicable
"Kolar - Office of the Executive Engineer, Dept of Minor Irrigation and Ground Water Development",Kolar,Not Applicable
"Kolar- Office of the Joint Director, Department of Agriculture",Kolar,Not Applicable
"Kolar - Office of The Joint Director, District Industrial Centre, Dept of Industries & Commerce",Kolar,Not Applicable
Kolar- Office of The Superintendent of Police,Kolar,Not Applicable
Kolar-Public Works Department - PWD,Kolar,Not Applicable
Kolar-REVENUE,Kolar,Not Applicable
Kolar-Rural Development and Panchayat Raj-RDPR(Z.P),Kolar,NA
Kolar-Srinivaspur-Rural Development and Panchayat Raj-RDPR(T.P),Kolar,Srinivaspur
Kolar-Urban Development Cell - DUDC,Kolar,Not Applicable
Koppal - Department of Physicaly disabled and Senior Citizens,Koppal,Not Applicable
"Koppal - Deputy Director office, Horticulture department",Koppal,Not Applicable
Koppal-Deputy Director of Land Records-DDLR,Koppal,Not Applicable
Koppal - District Consumer Disputes and Redressal Commission,Koppal,Not Applicable
Koppal - District Project Office- Karnataka Housing Board,Koppal,Not Applicable
Koppal-District Registrar - DR,Koppal,Not Applicable
Koppal - District Training Institute,Koppal,Not Applicable
Koppal - District Waqf Office,Koppal,Not Applicable
Koppal-Food and Civil Supplies - FCS,Koppal,Not Applicable
Koppal-Gangawati-Rural Development and Panchayat Raj-RDPR(T.P),Koppal,Gangawati
"Koppal - Joint Director office, District Commerce and Industry Department",Koppal,Not Applicable
Koppal-Kanakagiri-Rural Development and Panchayat Raj-RDPR(T.P),Koppal,Kanakagiri
Koppal-Karatagi-Rural Development and Panchayat Raj-RDPR(T.P),Koppal,Karatagi
Koppal- Karnataka Food and Civil Supplies Corporation Limited,Koppal,Not Applicable
Koppal-Koppal-Rural Development and Panchayat Raj-RDPR(T.P),Koppal,Koppal
Koppal-Kuknur-Rural Development and Panchayat Raj-RDPR(T.P),Koppal,Kuknur
Koppal-Kushtagi-Rural Development and Panchayat Raj-RDPR(T.P),Koppal,Kushtagi
Koppal-LABOUR,Koppal,Not Applicable
"Koppal - Office of the Assistant Director, Department of Agricultural Marketing",Koppal,Not Applicable
"Koppal- Office of the Assistant Director, Department of Information and Public Relations",Koppal,Not Applicable
"Koppal- Office of the Assistant Director, Department of Pension, Small Savings, Assets and Liabiliti",Koppal,Not Applicable
"Koppal - Office of the Assistant Director, Department of Town and Country Planning",Koppal,Not Applicable
"Koppal- Office of the Deputy commissioner, Department of Excise",Koppal,Not Applicable
Koppal - Office of the Deputy Commissioner of Co-operative Societies,Koppal,Not Applicable
"Koppal - Office of the Deputy Director,Department of Animal Husbandry and Veterinary Services",Koppal,Not Applicable
"Koppal - office of the Deputy Director, Department of Pre University Eductaion",Koppal,Not Applicable
"Koppal- Office of The Deputy Director, Department of Public Instruction",Koppal,Not Applicable
"Koppal - Office of the Deputy Director, Department of Sericulture",Koppal,Not Applicable
"Koppal- Office of the Deputy Director, Department of Women and Child Welfare",Koppal,Not Applicable
"Koppal - Office of The Deputy Director, District Treasury",Koppal,Not Applicable
Koppal - Office of the District Health and Family Welfare Services Officer,Koppal,Not Applicable
"Koppal - Office of The District Officer, Backward Classes Welfare Department",Koppal,Not Applicable
"Koppal - Office of The District officer, Minority Welfare Department",Koppal,Not Applicable
"Koppal - Office of The District Skill Development Officer, Skill Development Department",Koppal,Not Applicable
"Koppal- Office of The Drug Control Officer, Deparment of Drugs Control",Koppal,Not Applicable
"Koppal- Office of the Executive Engineer, Department of Minor Irrigation and Ground Water Developmen",Koppal,Not Applicable
"Koppal- Office of the Joint Director, Department of Agriculture",Koppal,Not Applicable
"Koppal - Office of the Senior Geologist, Department of Mines and Geology",Koppal,Not Applicable
Koppal- Office of The Superintendent of Police,Koppal,Not Applicable
Koppal-Public Works Department - PWD,Koppal,Not Applicable
Koppal-REVENUE,Koppal,Not Applicable
Koppal-Rural Development and Panchayat Raj-RDPR(Z.P),Koppal,NA
Koppal-Urban Development Cell - DUDC,Koppal,Not Applicable
Koppal-yelbarga-Rural Development and Panchayat Raj-RDPR(T.P),Koppal,yelbarga
Krishna Bhagya Jala Nigam Limited,NA,Not Applicable
Krishna Command Area Development Authorities (CADA),NA,Not Applicable
"KSRTC, Bangalore Central Division",NA,Not Applicable
"KSRTC,Central Tarining Institute , Malur",NA,Not Applicable
"KSRTC, Chamarajanagara Division",NA,Not Applicable
"KSRTC, Chikkaballapura Division",NA,Not Applicable
"KSRTC, Chikkamagaluru Division",NA,Not Applicable
"KSRTC, Chitradurga Division",NA,Not Applicable
"KSRTC, Davanagere Division",NA,Not Applicable
"KSRTC, Hassan Division",NA,Not Applicable
KSRTC Kempegowda Bus Station,NA,Not Applicable
"KSRTC, Kolar Division",NA,Not Applicable
"KSRTC, Mandya Division",NA,Not Applicable
"KSRTC, Mangalore Division",NA,Not Applicable
"KSRTC,Mysuru Rural Division",NA,Not Applicable
"KSRTC, Mysuru Urban Division",NA,Not Applicable
"KSRTC, Puttur Division",NA,Not Applicable
"KSRTC, Ramanagar Division",NA,Not Applicable
KSRTC Regional training Institute Chikkamagaluru,NA,Not Applicable
KSRTC Regional training Institute Hassan,NA,Not Applicable
KSRTC Regional training Institute Malavalli,NA,Not Applicable
KSRTC Regionl Workshop Hassan,NA,Not Applicable
KSRTC Regionl Workshop Kengeri,NA,Not Applicable
"KSRTC,Shivamogga Division",NA,Not Applicable
"KSRTC,Tumakuru Division",NA,Not Applicable
Kundapura Planning Authority,NA,Not Applicable
Kushalnagar Planning Authority,NA,Not Applicable
Kuvempu University,NA,Not Applicable
Law Commission of Karnataka,NA,Not Applicable
Madhugiri - District Institute of Education and Training (DIET),Madhugiri,Not Applicable
Madikeri - Urban Development Authority,Madikeri,Not Applicable
Malur Planning Authority,State Level / Not Applicable,Not Applicable
Mandya-Deputy Director of Land Records-DDLR,Mandya,Not Applicable
Mandya - District Consumer Disputes Redressal Commission,Mandya,Not Applicable
Mandya - District Institute for Education and Training (DIET),Mandya,Not Applicable
Mandya-District Registrar - DR,Mandya,Not Applicable
Mandya-District Training Institute,Mandya,Not Applicable
Mandya-Food and Civil Supplies - FCS,Mandya,Not Applicable
Mandya-Krishnarajpet-Rural Development and Panchayat Raj-RDPR(T.P),Mandya,Krishnarajpet
Mandya-LABOUR,Mandya,Not Applicable
Mandya-Maddur-Rural Development and Panchayat Raj-RDPR(T.P),Mandya,Maddur
Mandya-Malavalli-Rural Development and Panchayat Raj-RDPR(T.P),Mandya,Malavalli
Mandya-Mandya-Rural Development and Panchayat Raj-RDPR(T.P),Mandya,Mandya
Mandya-Nagamangala-Rural Development and Panchayat Raj-RDPR(T.P),Mandya,Nagamangala
"Mandya- Office of the Assiatant Director, Department of Kannada and Culture",Mandya,Not Applicable
"Mandya- Office of The Assistant Director, Department of Information and Public Relations",Mandya,Not Applicable
"Mandya- Office of The Assistant Executive Engineer, Department of Minor Irrigation and Ground Water",Mandya,Not Applicable
"Mandya- Office of The Deputy Commissioner of Excise, Department of Excise",Mandya,Not Applicable
"Mandya - Office of the Deputy Director, Department Of Agricultural Marketing",Mandya,Not Applicable
"Mandya- Office of the Deputy Director, Department of Animal Husbandry and Veterinary Services",Mandya,Not Applicable
"Mandya- Office of the Deputy Director, Department of Handlooms and Textiles",Mandya,Not Applicable
"Mandya- Office of the Deputy Director, Department of Horticulture",Mandya,Not Applicable
"Mandya- Office of The Deputy Director, Department of Pre- University Education",Mandya,Not Applicable
"Mandya- Office of The Deputy Director, Department of Public Instruction",Mandya,Not Applicable
"Mandya- Office of the Deputy Director, Department of Sericulture",Mandya,Not Applicable
"Mandya - Office of The Deputy Director, Department of Social Welfare",Mandya,Not Applicable
"Mandya- Office of the Deputy Director, Department of Women and Child Development",Mandya,Not Applicable
"Mandya - Office of the Deputy Director, District Treasury",Mandya,Not Applicable
Mandya- Office of the District Health and Family Welfare Officer,Mandya,Not Applicable
"Mandya- Office of the District Office, Department of Backward classes welfare",Mandya,Not Applicable
"Mandya- Office of The District Skill Development Officer, Department of Skill Development, Enterpren",Mandya,Not Applicable
"Mandya- Office of the District Statistical Officer, Department of Statistics",Mandya,Not Applicable
"Mandya- Office of the Executive Engineer, Karnataka Rural Infrastructure Development Limited",Mandya,Not Applicable
"Mandya- Office of the Joint Director, Department of Agriculture",Mandya,Not Applicable
"Mandya- Office of The Joint Director, District Industrial Centre, Department of Industries and Comme",Mandya,Not Applicable
"Mandya- Office of The Registrar of Co-operative Societies, Department of Co-operation",Mandya,Not Applicable
Mandya- Office of The Superintendent of Police,Mandya,Not Applicable
Mandya-Pandavapura-Rural Development and Panchayat Raj-RDPR(T.P),Mandya,Pandavapura
Mandya-Public Works Department - PWD,Mandya,Not Applicable
"Mandya- Regional Office, Karnataka State Pollution Control Board",Mandya,Not Applicable
Mandya-REVENUE,Mandya,Not Applicable
Mandya-Rural Development and Panchayat Raj-RDPR(Z.P),Mandya,NA
Mandya-Shrirangapattana-Rural Development and Panchayat Raj-RDPR(T.P),Mandya,Shrirangapattana
Mandya-Urban Development Cell - DUDC,Mandya,Not Applicable
Mangalore-Department of Electrical Inspectorate,Mangalore,Not Applicable
Mangalore - Karnataka Urban Water Supply and Drainage Board,Mangalore,Not Applicable
Mangalore University,State Level / Not Applicable,Not Applicable
Mangaluru Electricity Supply Company Limited-(Corporate Office),Mangaluru Electricity Supply Company Limited,Not Applicable
Mangaluru Electricity Supply Company Limited-(Mangaluru Zone),Mangaluru Electricity Supply Company Limited,Not Applicable
Mangaluru Electricity Supply Company Limited-(Shivamogga Zone),Mangaluru Electricity Supply Company Limited,Not Applicable
Mangaluru- Office of the commissioner of police,Mangaluru,Not Applicable
Mission Director Deendayal Antyodaya Yojana-National Urban Livelihoods,Mission Director Deendayal Antyodaya Yojana,Not Applicable
Moodbidri Planning Authority,Moodbidri,Not Applicable
Mudhol Planning Authority,Mudhol,Not Applicable
Mysore-Department of Electrical Inspectorate,Mysore,Not Applicable
Mysore Sales International Limited,NA,Not Applicable
Mysuru-City Corporation,Mysuru,Not Applicable
Mysuru - College of Teacher Education,Mysuru,Not Applicable
"Mysuru- Department of Archaeology, Museums and Heritage",Mysuru,Not Applicable
Mysuru-Deputy Director of Land Records-DDLR,Mysuru,Not Applicable
Mysuru- District Consumer Disputes and Redressal Commission,Mysuru,Not Applicable
Mysuru - District Institute of Education and Training (DIET),Mysuru,Not Applicable
Mysuru-District Registrar - DR,Mysuru,Not Applicable
Mysuru- District Training Institute,Mysuru,Not Applicable
Mysuru - District Waqf Office,Mysuru,Not Applicable
Mysuru-Food and Civil Supplies - FCS,Mysuru,Not Applicable
Mysuru-Heggadadevana Kote-Rural Development and Panchayat Raj-RDPR(T.P),Mysuru,Heggadadevana Kote
Mysuru-Hunsur-Rural Development and Panchayat Raj-RDPR(T.P),Mysuru,Hunsur
Mysuru - Karnataka Maharshi Valmiki Scheduled Tribes Development Corporation Ltd,Mysuru,Not Applicable
"Mysuru- Karnataka State Road Transport Corporation, Mysuru Urban Transport Division",Mysuru,Not Applicable
Mysuru-Krishnarajanagara-Rural Development and Panchayat Raj-RDPR(T.P),Mysuru,Krishnarajanagara
Mysuru-LABOUR,Mysuru,Not Applicable
Mysuru-Mysuru-Rural Development and Panchayat Raj-RDPR(T.P),Mysuru,Mysuru
Mysuru-Nanjangud-Rural Development and Panchayat Raj-RDPR(T.P),Mysuru,Nanjangud
"Mysuru- Office of The Assistant Director, Department of Social Welfare",Mysuru,Not Applicable
"Mysuru- Office of The Assistant Director, Department of Tourism",Mysuru,Not Applicable
"Mysuru - Office of the Assistant Director, Town & Country Planning",Mysuru,Not Applicable
"Mysuru - Office of The Chief Engineer (Electricity),Transmission zone, KPTCL",Mysuru,Not Applicable
"Mysuru- Office of The Chief Librarian, City Central Library, Department of Public Library",Mysuru,Not Applicable
Mysuru- Office of the commissioner of police,Mysuru,Not Applicable
"Mysuru - Office of the Deputy Director, Department of Agricultural Marketing",Mysuru,Not Applicable
"Mysuru- Office of The Deputy Director, Department of Horticulture",Mysuru,Not Applicable
"Mysuru- Office of The Deputy Director, Department of Pre University Education",Mysuru,Not Applicable
"Mysuru - Office of the Deputy Director, Department of School Education",Mysuru,Not Applicable
"Mysuru - Office of The Deputy Director, Department of Sericulture",Mysuru,Not Applicable
"Mysuru- Office of The Deputy Director, Department of Women and Child Development",Mysuru,Not Applicable
"Mysuru -Office of the Deputy Director, Dept of Animal Husbandry and Veterinary Services",Mysuru,Not Applicable
"Mysuru-Office of the Deputy Director, Regional Forensic Science laboratory",Mysuru,Not Applicable
Mysuru- Office of The District Health and Family Welfare Officer,Mysuru,Not Applicable
"Mysuru- Office of The District Officer, Backward classes Welfare Department",Mysuru,Not Applicable
"Mysuru - Office of The District officer, Minority Welfare Department",Mysuru,Not Applicable
"Mysuru - Office of The District Skill Development Officer, Skill Development Department",Mysuru,Not Applicable
Mysuru- Office of the District Statistical Officer,Mysuru,Not Applicable
"Mysuru- Office of the Executive Engineer, Department of Minor Irrigation and Ground Water Developmen",Mysuru,Not Applicable
"Mysuru - Office of the Joint Director, Department of Agriculture",Mysuru,Not Applicable
"Mysuru- Office of The Joint Director, District Industiral Centre",Mysuru,Not Applicable
"Mysuru - Office of the Joint Director, District Treasury",Mysuru,Not Applicable
"Mysuru - Office of the Joint Director, Town & Country Planning",Mysuru,Not Applicable
Mysuru-Office of the Joint Registrar of Cooperative Societies,Mysuru,Not Applicable
Mysuru- Office of The Superintendent of Police,Mysuru,Not Applicable
Mysuru-Piriyapatna-Rural Development and Panchayat Raj-RDPR(T.P),Mysuru,Piriyapatna
Mysuru - Police Training School,Mysuru,Not Applicable
Mysuru-Public Works Department - PWD,Mysuru,Not Applicable
Mysuru - Regional Joint Director Department of Collegiate Education,Mysuru,Not Applicable
Mysuru-REVENUE,Mysuru,Not Applicable
Mysuru-Rural Development and Panchayat Raj-RDPR(Z.P),Mysuru,NA
Mysuru-Saraguru-Rural Development and Panchayat Raj-RDPR(T.P),Mysuru,Saraguru
Mysuru-T Narsipur-Rural Development and Panchayat Raj-RDPR(T.P),Mysuru,T Narsipur
Mysuru University,NA,Not Applicable
Mysuru-Urban Development Cell - DUDC,Mysuru,Not Applicable
"Nandi Medical College and Research Institute, Chikkaballapura",NA,Not Applicable
NCC Directorate (NCC Cell),NA,Not Applicable
Nijasharana Ambigara Chowdaiah Development Corporation Limited,NA,Not Applicable
Nippani Planning Authority,NA,Not Applicable
Non Resident Indian Forum,NA,Not Applicable
"North Western Karnataka Road Transport Corporation, Central Office(Accounts Dept)",NA,Not Applicable
"North Western Karnataka Road Transport Corporation, Central Office(Board Dept)",NA,Not Applicable
"North Western Karnataka Road Transport Corporation, Central Office(Civil Dept)",NA,Not Applicable
"North Western Karnataka Road Transport Corporation, Central Office(IT Dept)",NA,Not Applicable
"North Western Karnataka Road Transport Corporation,Central Office(Labour Dept)",NA,Not Applicable
"North Western Karnataka Road Transport Corporation, Central Office(Law Dept)",NA,Not Applicable
"North Western Karnataka Road Transport Corporation, Central Office(Personnel Dept)",NA,Not Applicable
"North Western Karnataka Road Transport Corporation,Central Office(Security Dept)",NA,Not Applicable
"North Western Karnataka Road Transport Corporation, Central Office(Statistical Dept)",NA,Not Applicable
"North Western Karnataka Road Transport Corporation, Central Office(Stores Dept)",NA,Not Applicable
"North Western Karnataka Road Transport Corporation, Central Office(Technical Dept)",NA,Not Applicable
"North Western Karnataka Road Transport Corporation, Central Office(Traffic Dept)",NA,Not Applicable
"North West Karnataka Road Transport Corporation, Bagalkot Division(NWKRTC)",NA,Not Applicable
"North West Karnataka Road Transport Corporation, Belagavi Division(NWKRTC)",NA,Not Applicable
"North West Karnataka Road Transport Corporation, Chikkodi Division(NWKRTC)",NA,Not Applicable
"North West Karnataka Road Transport Corporation, Dharwad Division(NWKRTC)",NA,Not Applicable
"North West Karnataka Road Transport Corporation, Gadag Division(NWKRTC)",NA,Not Applicable
"North West Karnataka Road Transport Corporation, Haveri Division(NWKRTC)",NA,Not Applicable
"North West Karnataka Road Transport Corporation, Hubbali Rural Division(NWKRTC)",NA,Not Applicable
"North West Karnataka Road Transport Corporation, Hubballi-Dharwad City Division(NWKRTC)",NA,Not Applicable
"North West Karnataka Road Transport Corporation, Regional Training Centre, Hubbali(NWKRTC)",NA,Not Applicable
"North West Karnataka Road Transport Corporation, Regional Workshop, Hubbali(NWKRTC)",NA,Not Applicable
"North West Karnataka Road Transport Corporation, Shirasi Division(NWKRTC)",NA,Not Applicable
Office of Director General and Inspector General of Police,NA,Not Applicable
"Office of Engineer in Chief,Minor Irrigation (North Zone)",NA,Not Applicable
"Office of Engineer in Chief,Minor Irrigation (South Zone)",NA,Not Applicable
Office of Sericulture Development Commissioner and Director of Sericulture,NA,Not Applicable
"Office of the Additional Director, State Cyber Treasury Bengaluru",NA,Not Applicable
"Office of the ADGP, Training- Carlton Bhavan",NA,Not Applicable
"Office of the Administrator, Tungabhadra Project, Command Area Development Authority, Munirabad.",NA,Not Applicable
"Office of the Chief Engineer, National Highways, Bengaluru",NA,Not Applicable
"Office of the Chief Engineer, Water Resource Department",NA,Not Applicable
"Office of The Chief Secretary, Vidhana Soudha",NA,Not Applicable
Office of the commandant-12th Battalion Karnataka state Reserve Police,NA,Not Applicable
Office of the Commissioner Animal Husbandry and Veterinary Services Department,NA,Not Applicable
"Office of the Commissioner, Centralised Admission Cell, School Education Department",NA,Not Applicable
"Office of the Commissioner, Department of Collegiate Education",NA,Not Applicable
"Office of the Commissioner Food, Civil Supplies and Consumer Affairs Department",NA,Not Applicable
"Office of the Commissioner, School Education Department",NA,Not Applicable
"Office of the commissioner, Survey Settlement and Land Records(SSLR)",NA,Not Applicable
"Office of the Commissioner, Transport and Road Safety",NA,Not Applicable
"Office of the Deputy Director, Additional State Huzur Treasury Bengaluru",NA,Not Applicable
Office of the Deputy Director Central Accounting Unit Bengaluru,NA,Not Applicable
"Office of the Deputy Director, Regional Forensic Science Laboratory, Mangaluru",NA,Not Applicable
"Office of the Deputy Inspector General of Police, North Eastern Range Kalaburagi",NA,Not Applicable
"Office of the Director, Department of Public Libraries",NA,Not Applicable
"Office of the Director, Department of School Education(Pre University)",NA,Not Applicable
"Office of the Director, Dr Babu Jagajeevana Ram Research Institute",NA,Not Applicable
"Office of the Inspector General of Police, Belagavi (Northern Range)",NA,Not Applicable
"Office of the Inspector General of Police, Bengaluru (Central Zone)",NA,Not Applicable
"Office of the Inspector General of Police, Mangaluru (Western Range)",NA,Not Applicable
"Office of the Inspector General of Police, Mysuru (Southern Range)",NA,Not Applicable
"Office of the Joint Director, School Education Department, Bengaluru Division",NA,Not Applicable
"Office of the Principal Chief Conservator of Forest, (Head of Forest F",NA,Not Applicable
"Office of the Regional Commissioner, Belagavi Division",NA,Not Applicable
"Office of the State Project Director,Samagra Shikshana Karnataka",NA,Not Applicable
"Office of the Treasury Commissioner, Department of Treasury",NA,Not Applicable
Pilikula Development Authority,NA,Not Applicable
Power Company Of Karnataka Ltd,NA,Not Applicable
Puttur Planning Authority,NA,Not Applicable
Rabakavi - Banahatti Planning Authority,Rabakavi,Not Applicable
Raichur-Deputy Director of Land Records-DDLR,Raichur,Not Applicable
Raichur-Devadurga-Rural Development and Panchayat Raj-RDPR(T.P),Raichur,Devadurga
Raichur - District Consumer Disputes Redressal Commission,Raichur,Not Applicable
Raichur-District Registrar - DR,Raichur,Not Applicable
Raichur - District Training Institute,Raichur,Not Applicable
Raichur-Food and Civil Supplies - FCS,Raichur,Not Applicable
"Raichur Institute of Medical sciences, Raichur",State Level / Not Applicable,Not Applicable
Raichur-LABOUR,Raichur,Not Applicable
Raichur-Lingsugur-Rural Development and Panchayat Raj-RDPR(T.P),Raichur,Lingsugur
Raichur-Manvi-Rural Development and Panchayat Raj-RDPR(T.P),Raichur,Manvi
Raichur-Maski-Rural Development and Panchayat Raj-RDPR(T.P),Raichur,Maski
"Raichur- Office of The Assistant Director, Department of Textiles and Handlooms",Raichur,Not Applicable
"Raichur- Office of the Assistant Director, Department of Town and Country Planning",Raichur,Not Applicable
"Raichur - Office of The Deputy Director, Department of Agricultural Marketing",Raichur,Not Applicable
"Raichur-Office of The Deputy Director, Department of Horticulture",Raichur,Not Applicable
"Raichur- Office of The Deputy Director, Department of Public Instruction",Raichur,Not Applicable
"Raichur - Office of the Deputy Director, Department of School Education(Pre University)",Raichur,Not Applicable
"Raichur- Office of the Deputy Director, Department of Social Welfare",Raichur,Not Applicable
"Raichur- Office of The Deputy Director, Department of Women and Child Development",Raichur,Not Applicable
"Raichur - Office of the Deputy Director, District Treasury",Raichur,Not Applicable
Raichur- Office of The District Health and Family Welfare Officer,Raichur,Not Applicable
"Raichur- Office of the District Officer, Backward Class Welfare Department",Raichur,Not Applicable
"Raichur- Office of The District Officer, Minority Welfare Department",Raichur,Not Applicable
"Raichur - Office of The District Skill Development Officer, Skill Development Department",Raichur,Not Applicable
Raichur-Office of the Executive Engineer Panchayat Raj(Engineering Division),Raichur,Not Applicable
"Raichur- Office of The Joint Director, Department of Agriculture",Raichur,Not Applicable
"Raichur- Office of The Joint Director, District Industrial Centre, Department of Ind & Comm",Raichur,Not Applicable
Raichur- Office of The Superintendent of Police,Raichur,Not Applicable
Raichur-Public Works Department - PWD,Raichur,Not Applicable
Raichur-Raichur-Rural Development and Panchayat Raj-RDPR(T.P),Raichur,Raichur
"Raichur- Regional Office, Karnataka State Pollution Control Board",Raichur,Not Applicable
Raichur-REVENUE,Raichur,Not Applicable
Raichur-Rural Development and Panchayat Raj-RDPR(Z.P),Raichur,NA
Raichur-Sindhnur-Rural Development and Panchayat Raj-RDPR(T.P),Raichur,Sindhnur
Raichur-Sirwar-Rural Development and Panchayat Raj-RDPR(T.P),Raichur,Sirwar
Raichur- Sub Regional Science Center,Raichur,Not Applicable
Raichur-The Hutti Gold Mines Company Limited,Raichur,Not Applicable
Raichur-Urban Development Cell- DUDC,Raichur,Not Applicable
Rail Infrastructure Development Company(Karnataka) Limited,Karnataka,Not Applicable
Rajeev Gandhi Housing Corporation,NA,Not Applicable
"Rajeev Gandi University of Health Science , Karnataka",NA,Not Applicable
Ramadurga Planning Authority,NA,Not Applicable
Ranebennur Planning Authority,NA,Not Applicable
Rani Channamma University,NA,Not Applicable
"Registrar of Cooperative Societies , Bangalore",NA,Not Applicable
Sagara Planning Authority,NA,Not Applicable
Scheduled Tribes welfare department,NA,Not Applicable
Science Gallery Bengaluru,NA,Not Applicable
Secretariat - Agriculture,NA,Not Applicable
Secretariat - Animal Husbandry and Fisheries Department,NA,Not Applicable
Secretariat - Backward Classes Welfare Department,NA,Not Applicable
Secretariat - Chief Minister Office,NA,Not Applicable
Secretariat - Commerce and Industries Department,NA,Not Applicable
Secretariat - Cooperation Department,NA,Not Applicable
Secretariat - Department of Parliamentary Affairs and Legislation,NA,Not Applicable
Secretariat - Department of Personnel and Administrative Reforms (DPAR),NA,Not Applicable
Secretariat - Department of Personnel and Administrative Reforms (DPAR-AR),NA,Not Applicable
Secretariat - Department of Personnel and Administrative Reforms(DPAR e-Gov),NA,Not Applicable
Secretariat - eITBT and S&T,NA,Not Applicable
Secretariat - Energy Department,NA,Not Applicable
Secretariat - Finance Department,NA,Not Applicable
Secretariat - Food and Civil Supplies (FCS),NA,Not Applicable
Secretariat - Forest,NA,Not Applicable
Secretariat - Health and Family Welfare department,NA,Not Applicable
Secretariat - Higher Education Department,NA,Not Applicable
Secretariat - HOME,NA,Not Applicable
Secretariat - Horticulture Department,NA,Not Applicable
Secretariat - Housing department,NA,Not Applicable
Secretariat - Information and Public Relation Department,NA,Not Applicable
"Secretariat - Infrastructure Development, Ports & Inland Water Transp",NA,Not Applicable
Secretariat - Kannada and Culture Department,NA,Not Applicable
Secretariat - LABOUR,NA,Not Applicable
Secretariat - Law,NA,Not Applicable
Secretariat - Medical Education,NA,Not Applicable
Secretariat - Minor Irrigation and Ground water development Department,NA,Not Applicable
Secretariat - Minorities Welfare Haz and Wakf Department,NA,Not Applicable
"Secretariat - Planning, Programme Monitoring and Statistics Department",NA,Not Applicable
Secretariat - Primary and Secondary Education,NA,Not Applicable
Secretariat - Public Works Department - PWD,NA,Not Applicable
Secretariat - REVENUE,NA,Not Applicable
Secretariat - Rural Development and Panchayat Raj - RDPR,NA,Not Applicable
Secretariat - Scheduled Tribes Welfare Department,NA,Not Applicable
Secretariat - Sericulture,NA,Not Applicable
"Secretariat - Skill Development , Entertreneurship and Livelihood Depart",NA,Not Applicable
Secretariat - Social welfare Department,NA,Not Applicable
Secretariat - Tourism Department,NA,Not Applicable
Secretariat - Transport Department,NA,Not Applicable
Secretariat - Urban Development - UD,NA,Not Applicable
Secretariat - Water Resources,NA,Not Applicable
Secretariat - Women and Child development Empowerment of differently Abled and Senior Citizens,NA,Not Applicable
Secretariat - Youth Empowerment and Sports,NA,Not Applicable
Sedam Planning Authority,NA,Not Applicable
Shidlaghatta Planning Authority,Shivamogga,Not Applicable
Shivamogga Bhadravathi- Urban Development Authority,Shivamogga Bhadravathi,Not Applicable
Shivamogga-Bhadravati-Rural Development and Panchayat Raj-RDPR(T.P),Shivamogga,Bhadravati
Shivamogga-City Corporation,Shivamogga,Not Applicable
Shivamogga-Deputy Director of Land Records-DDLR,Shivamogga,Not Applicable
Shivamogga - District Consumer Disputes Redressal Commission,Shivamogga,Not Applicable
Shivamogga - District Institute Of Education and Training(DIET),Shivamogga,Not Applicable
Shivamogga-District Registrar - DR,Shivamogga,Not Applicable
Shivamogga - District Scheduled Tribes Welfare Department,Shivamogga,Not Applicable
Shivamogga- District Training Institute,Shivamogga,Not Applicable
Shivamogga-Food and Civil Supplies - FCS,Shivamogga,Not Applicable
Shivamogga-Hosanagara-Rural Development and Panchayat Raj-RDPR(T.P),Shivamogga,Hosanagara
"Shivamogga- Joint Director office, Commerce and Industries department",Shivamogga,Not Applicable
Shivamogga - Karnataka Maharshi Valmiki Scheduled Tribes Development Corporation Ltd,Shivamogga,Not Applicable
Shivamogga- Karnataka Slum Development Board,Shivamogga,Not Applicable
Shivamogga - Keladi Shivappa Nayaka University of Agricultural and Horticultural Sciences,Shivamogga,Not Applicable
Shivamogga-LABOUR,Shivamogga,Not Applicable
"Shivamogga - Office of the Chief Engineer, C&B (Central), Public Works Department",Shivamogga,Not Applicable
"Shivamogga- Office of The Chief Librarian, District Central Library, Department of Public Library",Shivamogga,Not Applicable
"Shivamogga - Office of the Deputy Director (Administration), Department of School Education",Shivamogga,Not Applicable
"Shivamogga-Office of the Deputy Director, Department of Agricultural Marketing",Shivamogga,Not Applicable
"Shivamogga - Office of the Deputy Director, Department of Handlooms and Textiles",Shivamogga,Not Applicable
"Shivamogga - Office of the Deputy Director, Department of School Education(Pre University)",Shivamogga,Not Applicable
"Shivamogga - Office of the Deputy Director, Department of Women and Child Development",Shivamogga,Not Applicable
"Shivamogga - Office of the Deputy Director, District Treasury",Shivamogga,Not Applicable
"Shivamogga - Office of the Deputy Director, Fisheries Department",Shivamogga,Not Applicable
Shivamogga - Office of The District Health and Family Welfare Officer,Shivamogga,Not Applicable
"Shivamogga - Office of the District Office, Department of Backward Classes Welfare",Shivamogga,Not Applicable
"Shivamogga - Office of The District Skill Development Officer, Skill Development Department",Shivamogga,Not Applicable
"Shivamogga- Office of the Joint Director, Department of Agriculture",Shivamogga,Not Applicable
"Shivamogga- Office of The Regional Fire Officer, Karnataka Fire and Emergency Services",Shivamogga,Not Applicable
"Shivamogga- Office of the Regional Joint Director, Department of Collegiate Education",Shivamogga,Not Applicable
Shivamogga- Office of The Superintendent of Police,Shivamogga,Not Applicable
Shivamogga-Public Works Department - PWD,Shivamogga,Not Applicable
"Shivamogga - Regional Office, Karnataka State Pollution Control Board",Shivamogga,Not Applicable
Shivamogga-REVENUE,Shivamogga,Not Applicable
Shivamogga-Rural Development and Panchayat Raj-RDPR(Z.P),Shivamogga,NA
Shivamogga-Sagara-Rural Development and Panchayat Raj-RDPR(T.P),Shivamogga,Sagara
Shivamogga-Shikaripura-Rural Development and Panchayat Raj-RDPR(T.P),Shivamogga,Shikaripura
Shivamogga-Shivamogga-Rural Development and Panchayat Raj-RDPR(T.P),Shivamogga,Shivamogga
Shivamogga-Soraba-Rural Development and Panchayat Raj-RDPR(T.P),Shivamogga,Soraba
Shivamogga-Thirthahalli-Rural Development and Panchayat Raj-RDPR(T.P),Shivamogga,Thirthahalli
Shivamogga-Urban Development Cell - DUDC,Shivamogga,Not Applicable
Shri Atal Bihari Vajpayee Medical College and Research Institution,State Level / Not Applicable,Not Applicable
Sindagi Planning Authority,NA,Not Applicable
Sira Urban Development Authority,NA,Not Applicable
Sirsi Town Planning Authority,NA,Not Applicable
State Crime Records Bureau(SCRB),NA,Not Applicable
"State Election Commission, Karnataka",NA,Not Applicable
State Highway Development Project (SHDP),NA,Not Applicable
Sub-Regional Science Centre Karwar,NA,Not Applicable
Suvarna Arogya Suraksha Trust,NA,Not Applicable
"Test-Login, (Do not Submit Request)",NA,Not Applicable
Test-Login II (Do not Submit Request),NA,Not Applicable
The Mysore Electrical Industries Limited,NA,Not Applicable
The Mysore Paper Mills Limited,NA,Not Applicable
The office of the Chief Architect,NA,Not Applicable
"The University of Agricultural Sciences, Bengaluru",NA,Not Applicable
Tiptur Planning Authority,Tiptur,Not Applicable
Town Planning Authority Gokak,Gokak,Not Applicable
"Town Planning Authority,Jamkhandi",Jamkhandi,Not Applicable
Tumakuru-Chiknayakanhalli-Rural Development and Panchayat Raj-RDPR(T.P),Tumakuru,Chiknayakanhalli
Tumakuru-City Corporation,Tumakuru,Not Applicable
Tumakuru-Deputy Director of Land Records-DDLR,Tumakuru,Not Applicable
Tumakuru - District Consumer Disputes Redressal Commission,Tumakuru,Not Applicable
Tumakuru - District Institute for Education and Training (DIET),Tumakuru,Not Applicable
Tumakuru-District Registrar - DR,Tumakuru,Not Applicable
Tumakuru - District Training Institute,Tumakuru,Not Applicable
Tumakuru-Food and Civil Supplies - FCS,Tumakuru,Not Applicable
Tumakuru-Gubbi-Rural Development and Panchayat Raj-RDPR(T.P),Tumakuru,Gubbi
Tumakuru - Karnataka Maharshi Valmiki Scheduled Tribes Development Corporation Ltd,Tumakuru,Not Applicable
Tumakuru-Koratagere-Rural Development and Panchayat Raj-RDPR(T.P),Tumakuru,Koratagere
Tumakuru-Kunigal-Rural Development and Panchayat Raj-RDPR(T.P),Tumakuru,Kunigal
Tumakuru-LABOUR,Tumakuru,Not Applicable
Tumakuru-Madhugiri-Rural Development and Panchayat Raj-RDPR(T.P),Tumakuru,Madhugiri
"Tumakuru- Office of The Chief Engineer (Electricity),Transmission zone, KPTCL",Tumakuru,Not Applicable
"Tumakuru - Office of the Deputy Director (Administration), Department of School Education",Tumakuru,Not Applicable
"Tumakuru-Office of the Deputy Director, Department of Agricultural Marketing",Tumakuru,Not Applicable
"Tumakuru- Office of The Deputy Director, Department of Animal Husbandry and Veterinary Services",Tumakuru,Not Applicable
"Tumakuru- Office of The Deputy Director, Department of Handlooms and Textiles",Tumakuru,Not Applicable
"Tumakuru - Office of the Deputy Director, Department of School Education, Madhugiri",Tumakuru,Not Applicable
"Tumakuru- Office of The Deputy Director, Department of Women and Child Development",Tumakuru,Not Applicable
"Tumakuru - Office of the Deputy Director, District Treasury",Tumakuru,Not Applicable
"Tumakuru-Office of the District officer, Backward Classes welfare department",Tumakuru,Not Applicable
"Tumakuru - Office of The District officer, Minority Welfare Department",Tumakuru,Not Applicable
"Tumakuru - Office of The District Skill Development Officer, Skill Development Department",Tumakuru,Not Applicable
"Tumakuru - Office of the Joint Director, Department of Agriculture",Tumakuru,Not Applicable
"Tumakuru - Office of The Joint Director, Department of Social Welfare",Tumakuru,Not Applicable
"Tumakuru- Office of The Joint Director, District Industrial Centre, Department of Ind and Comm",Tumakuru,Not Applicable
Tumakuru- Office of The Superintendent of Police,Tumakuru,Not Applicable
Tumakuru-Pavagada-Rural Development and Panchayat Raj-RDPR(T.P),Tumakuru,Pavagada
Tumakuru-Public Works Department - PWD,Tumakuru,Not Applicable
Tumakuru-REVENUE,Tumakuru,Not Applicable
Tumakuru-Rural Development and Panchayat Raj-RDPR(Z.P),Tumakuru,NA
Tumakuru-Sira-Rural Development and Panchayat Raj-RDPR(T.P),Tumakuru,Sira
Tumakuru-Tiptur-Rural Development and Panchayat Raj-RDPR(T.P),Tumakuru,Tiptur
Tumakuru-Tumakuru-Rural Development and Panchayat Raj-RDPR(T.P),Tumakuru,Tumakuru
Tumakuru-Turuvekere-Rural Development and Panchayat Raj-RDPR(T.P),Tumakuru,Turuvekere
Tumakuru University,State Level / Not Applicable,Not Applicable
Tumakuru Urban Development Authority(TUDA),Na,Not Applicable
Tumakuru-Urban Development Cell - DUDC,Tumakuru,Not Applicable
Udupi-Brahmavara-Rural Development and Panchayat Raj-RDPR(T.P),Udupi,Brahmavara
Udupi-Byndoor-Rural Development and Panchayat Raj-RDPR(T.P),Udupi,Byndoor
Udupi - Department For the Empowerment of Differently Abled and Senior Citizens,Udupi,Not Applicable
Udupi-Deputy Director of Land Records-DDLR,Udupi,Not Applicable
Udupi - District Consumer Disputes Redressal Commission,Udupi,Not Applicable
Udupi - District Institute for Education and Training (DIET),Udupi,Not Applicable
Udupi-District Registrar - DR,Udupi,Not Applicable
Udupi - District Training Institute,Udupi,Not Applicable
Udupi-DR B R Ambedkar Development Corporation Limited,Udupi,Not Applicable
Udupi-Food and Civil Supplies - FCS,Udupi,Not Applicable
Udupi-Hebri-Rural Development and Panchayat Raj-RDPR(T.P),Udupi,Hebri
"Udupi - Joint Director office, Commerce and Industries department",Udupi,Not Applicable
Udupi-Kapu-Rural Development and Panchayat Raj-RDPR(T.P),Udupi,Kapu
Udupi-Karkal-Rural Development and Panchayat Raj-RDPR(T.P),Udupi,Karkal
Udupi-Kundapura-Rural Development and Panchayat Raj-RDPR(T.P),Udupi,Kundapura
Udupi-LABOUR,Udupi,Not Applicable
"Udupi - Office of The Assistant Controller, Department of Legal Metrology",Udupi,Not Applicable
"Udupi - Office of The Assistant Director, Department of Agricultural Marketing",Udupi,Not Applicable
"Udupi - Office of The Assistant Director, Department of Town and Country Planning",Udupi,Not Applicable
"Udupi- Office of The Assistant Director, Dept of Pension and Small Savings, Assests and Liabilities",Udupi,Not Applicable
"Udupi - Office of the Deputy Director (Administration), Department of School Education",Udupi,Not Applicable
"Udupi - Office of the Deputy Director, Department of School Education(Pre University)",Udupi,Not Applicable
"Udupi- Office of The Deputy Director, Department of Women and Child Development",Udupi,Not Applicable
"Udupi - Office of the Deputy Director, District Treasury",Udupi,Not Applicable
Udupi - Office of The District Health and Family Welfare Officer,Udupi,Not Applicable
"Udupi - Office of the District Office, Department of Backward Classes Welfare",Udupi,Not Applicable
"Udupi - Office of The District Skill Development Officer, Skill Development Department",Udupi,Not Applicable
"Udupi - Office of The District Surgeon, District Hospital",Udupi,Not Applicable
"Udupi-Office of The Joint Director, Department of Agriculture",Udupi,Not Applicable
"Udupi- Office of The Regional Director(Environment), Department of Forest, Ecology and Environment",Udupi,Not Applicable
Udupi- Office of The Superintendent of Police,Udupi,Not Applicable
Udupi-Public Works Department - PWD,Udupi,Not Applicable
Udupi-REVENUE,Udupi,Not Applicable
Udupi-Rural Development and Panchayat Raj-RDPR(Z.P),Udupi,NA
Udupi-Udupi-Rural Development and Panchayat Raj-RDPR(T.P),Udupi,Udupi
Udupi-Urban Development Cell - DUDC,Udupi,Not Applicable
"University of Agricultural Sciences, Dharwad",State Level / Not Applicable,Not Applicable
"University of Agricultural Sciences,Raichur",State Level / Not Applicable,Not Applicable
"University of Horticultural Sciences, Bagalkot",State Level / Not Applicable,Not Applicable
"UttaraKananda - District Institute Of Education and Training(DIET), Sirsi",UttaraKananda,Not Applicable
"UttaraKananda - Office of the Deputy Director (Administration) Department of School Education, Sirsi",UttaraKananda,Not Applicable
Uttara Kannada-Ankola-Rural Development and Panchayat Raj-RDPR(T.P),Uttara Kannada,Ankola
Uttara Kannada-Bhatkal-Rural Development and Panchayat Raj-RDPR(T.P),Uttara Kannada,Bhatkal
Uttara Kannada-Dandeli-Rural Development and Panchayat Raj-RDPR(T.P),Uttara Kannada,Dandeli
Uttara Kannada-Deputy Director of Land Records-DDLR,Uttara Kannada,Not Applicable
Uttarakannada- District Consumer Disputes and Redressal Commission,Uttarakannada,Not Applicable
Uttara Kannada-District Registrar - DR,Uttara Kannada,Not Applicable
Uttarakannada - District Training Institute (Sirsi),Uttarakannada,Not Applicable
Uttara Kannada-Food and Civil Supplies - FCS,Uttara Kannada,Not Applicable
Uttara Kannada-Haliyal-Rural Development and Panchayat Raj-RDPR(T.P),Uttara Kannada,Haliyal
Uttara Kannada-Honnavar-Rural Development and Panchayat Raj-RDPR(T.P),Uttara Kannada,Honnavar
Uttara Kannada-joida-Rural Development and Panchayat Raj-RDPR(T.P),Uttara Kannada,joida
"Uttara Kannada - Karnataka Maharshi Valmiki Scheduled Tribes Development Corporation Ltd, Karwar",Uttara Kannada,Not Applicable
Uttarakannada- Karwar Institute of Medical Sciences,Uttarakannada,Not Applicable
Uttara Kannada-Karwar-Rural Development and Panchayat Raj-RDPR(T.P),Uttara Kannada,Karwar
Uttara Kannada-Kumta-Rural Development and Panchayat Raj-RDPR(T.P),Uttara Kannada,Kumta
Uttara Kannada-LABOUR,Uttara Kannada,Not Applicable
Uttara Kannada-Mundgod-Rural Development and Panchayat Raj-RDPR(T.P),Uttara Kannada,Mundgod
Uttarakannada- Office of The Assistant Commissioner Muzarai,Uttarakannada,Not Applicable
"Uttarakannada - Office of The Assistant Director, Department of Agricultural Marketing, Sirsi",Uttarakannada,Not Applicable
"Uttarakannada- Office of the Assistant Executive Engineer, Karnataka Housing Board",Uttarakannada,Not Applicable
"Uttarakannada-Office of The Deputy Director, Department of Animal Husbandary and Veterinary Service",Uttarakannada,Not Applicable
"Uttarakannada- Office of The Deputy Director, Department of Horticulture",Uttarakannada,Not Applicable
"Uttarakannada - Office of the Deputy Director, Department of Sericulture, Sirsi",Uttarakannada,Not Applicable
"Uttarakannada- Office of The Deputy Director, Department of Social Welfare",Uttarakannada,Not Applicable
"Uttarakannada- Office of the Deputy Director, Department of Women and Child Development",Uttarakannada,Not Applicable
"Uttara Kannada - Office of the Deputy Director, District Treasury, Karwar",Uttara Kannada,Not Applicable
Uttarakannada- Office of The District Health and Family Welfare officer,Uttarakannada,Not Applicable
"Uttarakannada- Office of The District Officer, Backward Classes Welfare Department",Uttarakannada,Not Applicable
"Uttara Kannada - Office of The District officer, Minority Welfare Department, Karwar",Uttara Kannada,Not Applicable
"Uttarakannada - Office of the District Scheduled Tribes Welfare Department, Karawara",Uttarakannada,Not Applicable
"Uttara Kannada - Office of The District Skill Development Officer, Skill Development Department",Uttara Kannada,Not Applicable
"Uttarakannada- Office of the Joint Director, Department of Agriculture",Uttarakannada,Not Applicable
"Uttara kannada - Office of The Joint Director,District Industrial Centre, Dept of Ind & Comm",Uttara kannada,Not Applicable
Uttara Kannada- Office of The Superintendent of Police,Uttara Kannada,Not Applicable
Uttara Kannada-Public Works Department - PWD,Uttara Kannada,Not Applicable
Uttara Kannada-REVENUE,Uttara Kannada,Not Applicable
Uttara Kannada-Rural Development and Panchayat Raj-RDPR(Z.P),Uttara Kannada,NA
Uttara Kannada-Siddapur-Rural Development and Panchayat Raj-RDPR(T.P),Uttara Kannada,Siddapur
Uttara Kannada-Sirsi-Rural Development and Panchayat Raj-RDPR(T.P),Uttara Kannada,Sirsi
Uttara Kannada-Urban Development Cell - DUDC,Uttara Kannada,Not Applicable
Uttara Kannada-Yellapur-Rural Development and Panchayat Raj-RDPR(T.P),Uttara Kannada,Yellapur
Vadi-Shahbad Planning Authority,Vadi,Not Applicable
Vijayanagara-Deputy Director of Land Records-DDLR,Vijayanagara,Not Applicable
"Vijayanagara-Office of the Deputy Director, Women and child development",Vijayanagara,Not Applicable
"Vijayanagara- Office of The District Officer, Backward Classes Welfare Department",Vijayanagara,Not Applicable
"Vijayanagara-Office of the District Registrar, Department of Stamps and Registration",Vijayanagara,Not Applicable
"Vijayanagara - Office of The District Skill Development Officer, Skill Development Department",Vijayanagara,Not Applicable
"Vijayanagara - Office of the Joint Director, Department of Agriculture",Vijayanagara,Not Applicable
"Vijayanagara - Office of the Labour Officer, Department of Labour",Vijayanagara,Not Applicable
Vijayanagara- Office of the Superintendent of Police,Vijayanagara,Not Applicable
Vijayanagara - REVENUE,Vijayanagara,Not Applicable
Vijayanagara-Rural Development and Panchayat Raj - RDPR(Z.P),Vijayanagara,Not Applicable
Vijayanagara Sri Krishnadevaraya University Bellary,State Level / Not Applicable,Not Applicable
"Vijayanagar - Office of the Deputy Director, District Treasury, Hospet",Vijayanagar,Not Applicable
Vijayapura-Babaleshwar-Rural Development and Panchayat Raj - RDPR(T.P),Vijayapura,Babaleshwar
Vijayapura-Basavana Bagevadi-Rural Development and Panchayat Raj - RDPR(T.P),Vijayapura,Basavana Bagevadi
Vijayapura -Chadchan-Rural Development and Panchayat Raj - RDPR(T.P),Vijayapura,Chadchan
Vijayapura-City Corporation,Vijayapura,Not Applicable
Vijayapura-Deputy Director of Land Records-DDLR,Vijayapura,Not Applicable
Vijayapura-Devara Hippargi-Rural Development and Panchayat Raj - RDPR(T.P),Vijayapura,Devara Hippargi
Vijayapura - District Consumer Disputes Redressal Commission,Vijayapura,Not Applicable
Vijayapura- District Hospital,Vijayapura,Not Applicable
Vijayapura - District Institute for Education and Training (DIET),Vijayapura,Not Applicable
Vijayapura-District Registrar - DR,Vijayapura,Not Applicable
Vijayapura - District Training Institute,Vijayapura,Not Applicable
Vijayapura-Food and Civil Supplies - FCS,Vijayapura,Not Applicable
Vijayapura-Indi-Rural Development and Panchayat Raj - RDPR(T.P),Vijayapura,Indi
"Vijayapura - Joint Director office, Commerce and Industries department",Vijayapura,Not Applicable
Vijayapura-Kolhar-Rural Development and Panchayat Raj - RDPR (T.P),Vijayapura,Kolhar
Vijayapura-LABOUR,Vijayapura,Not Applicable
Vijayapura-Muddebihal-Rural Development and Panchayat Raj - RDPR(T.P),Vijayapura,Muddebihal
Vijayapura-Nidagundi-Rural Development and Panchayat Raj - RDPR(T.P),Vijayapura,Nidagundi
"Vijayapura - Office of The Assistant Director, Department of Agricultural Marketing",Vijayapura,Not Applicable
"Vijayapura - Office of the Assistant Director, Department of Youth Empowerment and Sports",Vijayapura,Not Applicable
"Vijayapura-Office of the commandant, India Reserve Battalion",Vijayapura,Not Applicable
"Vijayapura - Office of The Deputy Director,Department of Animal Husbandry and Veterinary Services",Vijayapura,Not Applicable
"Vijayapura - Office of the Deputy Director, Department of Women and Child Development",Vijayapura,Not Applicable
"Vijayapura - Office of the Deputy Director, District Treasury",Vijayapura,Not Applicable
"Vijayapura - Office of The District Officer, Backward Class Welfare Department",Vijayapura,Not Applicable
"Vijayapura - Office of The District Skill Development Officer, Skill Development Department",Vijayapura,Not Applicable
"Vijayapura- Office of the Executive Engineer, Dept of Minor Irrigation and Ground Water Development",Vijayapura,Not Applicable
"Vijayapura- Office of The Joint Director, Department of Agriculture",Vijayapura,Not Applicable
Vijayapura- Office of The Superintendent of Police,Vijayapura,Not Applicable
Vijayapura-Public Works Department - PWD,Vijayapura,Not Applicable
"Vijayapura- Regional Office, Karnataka State Pollution Control Board",Vijayapura,Not Applicable
Vijayapura-REVENUE,Vijayapura,Not Applicable
Vijayapura-Rural Development and Panchayat Raj - RDPR(Z.P),Vijayapura,NA
Vijayapura-Sindgi-Rural Development and Panchayat Raj - RDPR (T.P),Vijayapura,Sindgi
Vijayapura-Talikote-Rural Development and Panchayat Raj - RDPR(T.P),Vijayapura,Talikote
Vijayapura-Tikota-Rural Development and Panchayat Raj - RDPR(T.P),Vijayapura,Tikota
Vijayapura - Urban Development Authority,Vijayapura,Not Applicable
Vijayapura-Urban Development Cell - DUDC,Vijayapura,Not Applicable
Vijayapura-Vijayapura-Rural Development and Panchayat Raj - RDPR(T.P),Vijayapura,Vijayapura
Visvesvaraya Jala Nigam Limited,State Level / Not Applicable,Not Applicable
Visvesvaraya Trade Promotion Centre (VTPC),VTPC,Not Applicable
"Yadagir - Joint Director office, Commerce and Industries department",Yadagir,Not Applicable
Yadgir-Deputy Director of Land Records-DDLR,Yadgir,Not Applicable
Yadgir - District Consumer Disputes Redressal Commission,Yadgir,Not Applicable
Yadgir-District Registrar - DR,Yadgir,Not Applicable
Yadgir - District Training Institute,Yadgir,Not Applicable
Yadgir-Food and Civil Supplies - FCS,Yadgir,Not Applicable
Yadgir-Gurumitkal-Rural Development and Panchayat Raj-RDPR(T.P),Yadgir,Gurumitkal
Yadgir-Hunasagi-Rural Development and Panchayat Raj-RDPR(T.P),Yadgir,Hunasagi
Yadgir-LABOUR,Yadgir,Not Applicable
"Yadgir -Office of The Assistant Director, Department of Agricultural Marketing",Yadgir,Not Applicable
"Yadgir - Office of the Deputy Director, Backward Class Welfare Department",Yadgir,Not Applicable
"Yadgir - Office of the Deputy Director, Department of Animal Husbandry and Veterinary Services",Yadgir,Not Applicable
"Yadgir- Office of The Deputy Director, Department of Women and Child Development",Yadgir,Not Applicable
"Yadgir - Office of the Deputy Director, District Treasury",Yadgir,Not Applicable
"Yadgir - Office of The District Skill Development Officer, Skill Development Department",Yadgir,Not Applicable
Yadgir- Office of The Superintendent of Police,Yadgir,Not Applicable
Yadgir-Public Works Department - PWD,Yadgir,Not Applicable
Yadgir-REVENUE,Yadgir,Not Applicable
Yadgir-Rural Development and Panchayat Raj-RDPR(Z.P),Yadgir,NA
Yadgir-Shahpur-Rural Development and Panchayat Raj-RDPR(T.P),Yadgir,Shahpur
Yadgir-Shorapur-Rural Development and Panchayat Raj-RDPR(T.P),Yadgir,Shorapur
Yadgir-Urban Development Cell - DUDC,Yadgir,Not Applicable
Yadgir-Vadagera-Rural Development and Panchayat Raj-RDPR(T.P),Yadgir,Vadagera
Yadgir-Yadgir-Rural Development and Panchayat Raj-RDPR(T.P),Yadgir,Yadgir
